-- phpMyAdmin SQL Dump
-- version 5.2.0
-- https://www.phpmyadmin.net/
--
-- Host: localhost
-- Generation Time: Mar 25, 2023 at 05:36 PM
-- Server version: 8.0.26
-- PHP Version: 8.0.22

SET SQL_MODE = "NO_AUTO_VALUE_ON_ZERO";
START TRANSACTION;
SET time_zone = "+00:00";


/*!40101 SET @OLD_CHARACTER_SET_CLIENT=@@CHARACTER_SET_CLIENT */;
/*!40101 SET @OLD_CHARACTER_SET_RESULTS=@@CHARACTER_SET_RESULTS */;
/*!40101 SET @OLD_COLLATION_CONNECTION=@@COLLATION_CONNECTION */;
/*!40101 SET NAMES utf8mb4 */;

--
-- Database: `my_motomotagp`
--

-- --------------------------------------------------------

--
-- Table structure for table `calendario`
--

CREATE TABLE `calendario` (
  `pk` bigint NOT NULL,
  `fk_gara` bigint NOT NULL,
  `fk_campionato` bigint DEFAULT NULL,
  `data` date NOT NULL,
  `ora_limite` time NOT NULL COMMENT 'ora limite scommesse',
  `ordine_gp` int NOT NULL
) ENGINE=InnoDB DEFAULT CHARSET=utf8mb3;

--
-- Dumping data for table `calendario`
--

INSERT INTO `calendario` (`pk`, `fk_gara`, `fk_campionato`, `data`, `ora_limite`, `ordine_gp`) VALUES
(1, 1, 1, '2018-03-18', '14:00:00', 1),
(2, 2, 1, '2018-04-08', '14:00:00', 2),
(3, 3, 1, '2018-04-22', '14:00:00', 3),
(4, 4, 1, '2018-05-06', '00:00:00', 4),
(5, 5, 1, '2018-05-20', '00:00:00', 5),
(6, 6, 1, '2018-06-03', '00:00:00', 6),
(7, 7, 1, '2018-06-17', '00:00:00', 7),
(8, 8, 1, '2018-07-01', '00:00:00', 8),
(9, 9, 1, '2018-07-15', '00:00:00', 9),
(10, 10, 1, '2018-08-05', '00:00:00', 10),
(11, 11, 1, '2018-08-12', '00:00:00', 11),
(12, 12, 1, '2018-08-26', '00:00:00', 12),
(13, 13, 1, '2018-09-09', '00:00:00', 13),
(14, 14, 1, '2018-09-23', '00:00:00', 14),
(15, 15, 1, '2018-10-07', '00:00:00', 15),
(16, 16, 1, '2018-10-21', '00:00:00', 16),
(17, 17, 1, '2018-10-28', '00:00:00', 17),
(18, 18, 1, '2018-11-04', '00:00:00', 18),
(19, 19, 1, '2018-11-18', '00:00:00', 19),
(20, 1, 2, '2019-03-10', '14:00:00', 1),
(21, 2, 2, '2019-03-31', '14:00:00', 2),
(22, 3, 2, '2019-04-14', '14:00:00', 3),
(23, 4, 2, '2019-05-05', '00:00:00', 4),
(24, 5, 2, '2019-05-19', '00:00:00', 5),
(25, 6, 2, '2019-06-02', '00:00:00', 6),
(26, 7, 2, '2019-06-16', '00:00:00', 7),
(27, 8, 2, '2019-06-30', '00:00:00', 8),
(28, 9, 2, '2019-07-07', '00:00:00', 9),
(29, 10, 2, '2019-08-04', '00:00:00', 10),
(30, 11, 2, '2019-08-11', '00:00:00', 11),
(31, 12, 2, '2019-08-25', '00:00:00', 12),
(32, 13, 2, '2019-09-15', '00:00:00', 13),
(33, 14, 2, '2019-09-22', '00:00:00', 14),
(34, 15, 2, '2019-10-06', '00:00:00', 15),
(35, 16, 2, '2019-10-20', '00:00:00', 16),
(36, 17, 2, '2019-10-27', '00:00:00', 17),
(37, 18, 2, '2019-11-03', '00:00:00', 18),
(38, 19, 2, '2019-11-17', '00:00:00', 19),
(39, 1, 3, '2020-03-08', '14:00:00', 1),
(43, 4, 3, '2020-07-19', '00:00:00', 2),
(44, 21, 3, '2020-07-26', '00:00:00', 3),
(45, 10, 3, '2020-08-09', '00:00:00', 4),
(46, 11, 3, '2020-08-16', '00:00:00', 5),
(47, 22, 3, '2020-08-23', '00:00:00', 6),
(48, 13, 3, '2020-09-13', '00:00:00', 7),
(49, 23, 3, '2020-09-20', '00:00:00', 8),
(52, 7, 3, '2020-09-27', '00:00:00', 9),
(54, 5, 3, '2020-10-11', '00:00:00', 10),
(55, 14, 3, '2020-10-18', '00:00:00', 11),
(56, 24, 3, '2020-10-25', '00:00:00', 12),
(57, 25, 3, '2020-11-08', '00:00:00', 13),
(58, 19, 3, '2020-11-15', '00:00:00', 14),
(59, 26, 3, '2020-11-22', '00:00:00', 15),
(60, 1, 4, '2021-03-28', '14:00:00', 1),
(61, 27, 4, '2021-04-04', '14:00:00', 2),
(62, 28, 4, '2021-04-18', '00:00:00', 3),
(63, 4, 4, '2021-05-02', '00:00:00', 4),
(64, 29, 4, '2021-05-16', '00:00:00', 5),
(65, 6, 4, '2021-05-30', '00:00:00', 6),
(66, 7, 4, '2021-06-06', '00:00:00', 7),
(67, 9, 4, '2021-06-20', '00:00:00', 8),
(68, 8, 4, '2021-06-27', '00:00:00', 9),
(69, 22, 4, '2021-08-08', '00:00:00', 10),
(70, 11, 4, '2021-08-15', '00:00:00', 11),
(71, 12, 4, '2021-08-29', '00:00:00', 12),
(72, 14, 4, '2021-09-12', '00:00:00', 13),
(73, 13, 4, '2021-09-19', '00:00:00', 14),
(74, 3, 4, '2021-10-03', '14:00:00', 15),
(75, 15, 4, '2021-10-17', '00:00:00', 16),
(76, 23, 4, '2021-10-24', '00:00:00', 17),
(77, 30, 4, '2021-11-07', '00:00:00', 18),
(78, 19, 4, '2021-11-14', '00:00:00', 19),
(80, 1, 5, '2022-03-06', '11:30:00', 1),
(81, 31, 5, '2022-03-20', '00:00:00', 2),
(82, 32, 5, '2022-04-03', '14:00:00', 3),
(83, 3, 5, '2022-04-10', '14:00:00', 4),
(84, 28, 5, '2022-04-24', '00:00:00', 5),
(85, 4, 5, '2022-05-01', '00:00:00', 6),
(86, 5, 5, '2022-05-15', '00:00:00', 7),
(87, 6, 5, '2022-05-29', '00:00:00', 8),
(88, 7, 5, '2022-06-05', '00:00:00', 9),
(89, 9, 5, '2022-06-19', '00:00:00', 10),
(90, 8, 5, '2022-06-26', '00:00:00', 11),
(91, 20, 5, '2022-07-10', '00:00:00', 12),
(92, 33, 5, '2022-08-07', '00:00:00', 13),
(93, 11, 5, '2022-08-21', '00:00:00', 14),
(94, 13, 5, '2022-09-04', '00:00:00', 15),
(95, 34, 5, '2022-09-18', '00:00:00', 16),
(96, 16, 5, '2022-09-25', '00:00:00', 17),
(97, 15, 5, '2022-10-02', '00:00:00', 18),
(98, 17, 5, '2022-10-16', '00:00:00', 19),
(99, 18, 5, '2022-10-23', '00:00:00', 20),
(100, 19, 5, '2022-11-06', '00:00:00', 21),
(101, 28, 6, '2023-03-26', '00:00:00', 1),
(102, 32, 6, '2023-04-02', '00:00:00', 2),
(103, 3, 6, '2023-04-16', '14:00:00', 3),
(104, 4, 6, '2023-04-30', '14:00:00', 4),
(105, 29, 6, '2023-05-14', '14:00:00', 5),
(106, 6, 6, '2023-06-11', '14:00:00', 6),
(107, 9, 6, '2023-06-18', '14:00:00', 7),
(108, 8, 6, '2023-06-25', '14:00:00', 8),
(109, 35, 6, '2023-07-09', '14:00:00', 9),
(110, 12, 6, '2023-08-06', '14:00:00', 10),
(111, 11, 6, '2023-08-20', '14:00:00', 11),
(122, 7, 6, '2023-09-03', '14:00:00', 12),
(123, 13, 6, '2023-09-10', '14:00:00', 13),
(124, 36, 6, '2023-09-24', '14:00:00', 14),
(125, 16, 6, '2023-10-01', '14:00:00', 15),
(126, 31, 6, '2023-10-15', '14:00:00', 16),
(127, 17, 6, '2023-10-22', '14:00:00', 17),
(128, 15, 6, '2023-10-29', '14:00:00', 18),
(129, 18, 6, '2024-11-12', '00:00:00', 19),
(130, 1, 6, '2023-11-19', '00:00:00', 20),
(131, 19, 6, '2023-11-26', '14:00:00', 21);

-- --------------------------------------------------------

--
-- Table structure for table `campionati`
--

CREATE TABLE `campionati` (
  `pk` bigint NOT NULL,
  `descrizione` varchar(64) NOT NULL,
  `data_inizio` date NOT NULL,
  `anno` int NOT NULL
) ENGINE=InnoDB DEFAULT CHARSET=utf8mb3;

--
-- Dumping data for table `campionati`
--

INSERT INTO `campionati` (`pk`, `descrizione`, `data_inizio`, `anno`) VALUES
(1, 'MotoMota 2018', '2018-03-18', 2018),
(2, 'MotoMota 2019', '2019-03-18', 2019),
(3, 'MotoMota 2020', '2020-03-18', 2020),
(4, 'MotoMota 2021', '2021-02-27', 2021),
(5, 'MotoMota 2022', '2022-03-06', 2022),
(6, 'MotoMota 2023', '2023-03-24', 2023);

-- --------------------------------------------------------

--
-- Table structure for table `classifica`
--

CREATE TABLE `classifica` (
  `pk` int NOT NULL,
  `iduser` varchar(10) NOT NULL,
  `fk_campionato` bigint NOT NULL COMMENT 'riferimento al campionato',
  `posizione` int NOT NULL COMMENT 'posizione nel campionato',
  `punteggio` int NOT NULL COMMENT 'punteggio corrente'
) ENGINE=InnoDB DEFAULT CHARSET=utf8mb3;

--
-- Dumping data for table `classifica`
--

INSERT INTO `classifica` (`pk`, `iduser`, `fk_campionato`, `posizione`, `punteggio`) VALUES
(1, 'gianmarco', 1, 5, 477),
(2, 'tabo', 1, 4, 490),
(3, 'kristian', 1, 1, 655),
(4, 'alessio', 1, 3, 546),
(5, 'michele', 1, 6, 414),
(6, 'giovanni', 1, 2, 622),
(11, 'kristian', 2, 3, 354),
(12, 'giovanni', 2, 6, 165),
(13, 'tabo', 2, 4, 338),
(14, 'gianmarco', 2, 5, 336),
(15, 'michele', 2, 1, 476),
(16, 'alessio', 2, 2, 458),
(17, 'kristian', 3, 1, 15),
(18, 'alessio', 3, 2, 15),
(19, 'gianmarco', 3, 3, 6),
(20, 'tabo', 3, 4, -20),
(21, 'michele', 3, 5, -23),
(22, 'kristian', 4, 3, 111),
(23, 'michele', 4, 6, -7),
(24, 'gianmarco', 4, 5, 90),
(25, 'giovanni', 4, 7, -14),
(26, 'alessio', 4, 2, 129),
(27, 'giorgio', 4, 1, 136),
(28, 'tabo', 4, 4, 96),
(29, 'kristian', 5, 3, 92),
(30, 'gianmarco', 5, 1, 122),
(31, 'zigusmicia', 5, 4, 84),
(32, 'alessio', 5, 6, 68),
(33, 'michele', 5, 2, 108),
(34, 'giorgio', 5, 7, 52),
(35, 'tabo', 5, 5, 82),
(36, 'alessio', 6, 1, 0),
(37, 'gianmarco', 6, 2, 0),
(38, 'giorgio', 6, 3, 0),
(39, 'kristian', 6, 4, 0),
(40, 'michele', 6, 5, 0),
(41, 'tabo', 6, 6, 0),
(42, 'zigusmicia', 6, 7, 0);

-- --------------------------------------------------------

--
-- Table structure for table `configurazione`
--

CREATE TABLE `configurazione` (
  `pk` bigint NOT NULL,
  `fk_campionato` bigint NOT NULL COMMENT 'il campionato attivo',
  `session_timeout` int NOT NULL COMMENT 'timeout session in secondi',
  `bets_limit_points` int NOT NULL COMMENT 'limite punti scommessa per gara',
  `bets_limit_sprintrace_points` int NOT NULL COMMENT 'Numero massimo di punti scommessa per gara sprint',
  `bets_limit_pilota` int NOT NULL COMMENT 'numero massimo di scommesse per un pilota',
  `bets_limit_sprint_pilota` int NOT NULL COMMENT 'Numero massimo punti scommessa sprintrace per pilota',
  `bets_limit_gara` int NOT NULL COMMENT 'Numero massimo scommesse per gara',
  `bets_limit_gara_sprint` int NOT NULL COMMENT 'Numero massimo di scommesse sprint race',
  `formation_limit_pilota` int NOT NULL COMMENT 'Numero massimo schieramenti per pilota'
) ENGINE=InnoDB DEFAULT CHARSET=utf8mb3;

--
-- Dumping data for table `configurazione`
--

INSERT INTO `configurazione` (`pk`, `fk_campionato`, `session_timeout`, `bets_limit_points`, `bets_limit_sprintrace_points`, `bets_limit_pilota`, `bets_limit_sprint_pilota`, `bets_limit_gara`, `bets_limit_gara_sprint`, `formation_limit_pilota`) VALUES
(1, 6, 1800, 40, 12, 6, 0, 3, 6, 17);

-- --------------------------------------------------------

--
-- Table structure for table `gare`
--

CREATE TABLE `gare` (
  `pk` bigint NOT NULL,
  `nome` varchar(64) NOT NULL,
  `luogo` varchar(64) NOT NULL
) ENGINE=InnoDB DEFAULT CHARSET=utf8mb3;

--
-- Dumping data for table `gare`
--

INSERT INTO `gare` (`pk`, `nome`, `luogo`) VALUES
(1, 'Grand Prix of Qatar', 'Doha, Qatar'),
(2, 'Gran Premio Motul de la Republica Argentina', 'Termas de Rio Hondo ARGENTINA'),
(3, 'Red Bull Grand Prix of The Americas', 'Circuit Of The Americas UNITED STATES'),
(4, 'Gran Premio de Espana', 'Circuito de Jerez - Angel Nieto SPAIN'),
(5, 'HJC Helmets Grand Prix de France', 'Le Mans FRANCE'),
(6, 'Gran Premio d\'Italia Oakley', 'Autodromo del Mugello ITALY'),
(7, 'Gran Premi Monster Energy de Catalunya', 'Circuit de Barcelona-Catalunya SPAIN'),
(8, 'Motul TT Assen', 'TT Circuit Assen NETHERLANDS'),
(9, 'Liqui Moly Motorrad Grand Prix Deutschland', 'Sachsenring GERMANY'),
(10, 'Monster Energy Grand Prix Ceske republiky', 'Automotodrom Brno CZECH REPUBLIC'),
(11, 'CryptoDATA Motorrad Grand Prix Von Osterreich', 'Red Bull Ring - Spielberg AUSTRIA'),
(12, 'Monster Energy British Grand Prix', 'Silverstone Circuit GREAT BRITAIN'),
(13, 'Gran Premio di San Marino e della Riviera di Rimini', 'Misano World Circuit Marco Simoncelli ITALY'),
(14, 'Gran Premio Michelin de Aragon ', 'MotorLand Aragon SPAIN'),
(15, 'OR Thailand Grand Prix', 'Chang International Circuit THAILAND'),
(16, 'Motul Grand Prix of Japan', 'Twin Ring Motegi JAPAN'),
(17, 'Animoca Australian Motorcycle Grand Prix', 'Phillip Island AUSTRALIA'),
(18, 'PETRONAS Grand Prix of Malaysia', 'Sepang International Circuit MALAYSIA'),
(19, 'Gran Premio Motul de la Comunitat Valenciana', 'Circuit Ricardo Tormo\r\nSPAIN'),
(20, 'Grand Prix of Finland', 'KymiRing FINLAND'),
(21, 'Gran Premio Red Bull de Andalucia', 'Circuito de Jerez - Angel Nieto\r\nSPAIN'),
(22, 'Michelin Grand Prix of Styria', 'Red Bull Ring - Spielberg\r\nAUSTRIA'),
(23, 'Gran Premio dell\'Emilia Romagna e della Riviera di Rimini ', 'Misano World Circuit Marco Simoncelli\r\nITALY'),
(24, 'Gran Premio de Teruel ', 'MotorLand Aragon SPAIN'),
(25, 'Gran Premio de Europa ', 'Circuit Ricardo Tormo\r\nSPAIN'),
(26, 'Grande Premio MEO de Portugal', 'Algarve International Circuit\r\nPORTUGAL'),
(27, 'Grand Prix of Doha', 'Losail International Circuit\r\nQATAR'),
(28, 'Grande Premio de Portugal', 'Algarve International Circuit\r\nPORTUGAL'),
(29, 'SHARK Grand Prix de France', 'Le Mans\r\nFRANCE'),
(30, 'Grande Premio do Algarve', 'Algarve International Circuit\r\nPORTUGAL'),
(31, 'Pertamina Grand Prix of Indonesia', 'Pertamina Mandalika Circuit\r\nINDONESIA'),
(32, 'Gran Premio Michelin® de la República Argentina', 'Termas de Río Hondo\r\nARGENTINA'),
(33, 'Monster Energy British Grand Prix ', 'Silverstone Circuit\r\nGREAT BRITAIN'),
(34, 'Gran Premio de Aragón', 'MotorLand Aragón\r\nSPAIN'),
(35, 'Grand Prix of Kazakhstan', 'Kazakhstan'),
(36, 'Grand Prix of India', 'India');

-- --------------------------------------------------------

--
-- Table structure for table `pagamenti`
--

CREATE TABLE `pagamenti` (
  `pk` bigint NOT NULL COMMENT 'primary key',
  `iduser` varchar(10) NOT NULL COMMENT 'utente',
  `fk_calendario` bigint DEFAULT NULL COMMENT 'campionato',
  `pagato` tinyint(1) NOT NULL DEFAULT '1' COMMENT 'flag se pagato',
  `quota` int NOT NULL COMMENT 'quota in euro',
  `timestamp` timestamp NOT NULL DEFAULT CURRENT_TIMESTAMP COMMENT 'instante pagamento'
) ENGINE=InnoDB DEFAULT CHARSET=utf8mb3 COMMENT='pagamenti campionato-gara';

--
-- Dumping data for table `pagamenti`
--

INSERT INTO `pagamenti` (`pk`, `iduser`, `fk_calendario`, `pagato`, `quota`, `timestamp`) VALUES
(1, 'gianmarco', 1, 1, 1, '2018-09-26 09:31:30'),
(2, 'gianmarco', 2, 1, 1, '2018-09-26 09:33:33'),
(3, 'gianmarco', 3, 1, 1, '2018-09-26 09:33:33'),
(4, 'gianmarco', 4, 1, 1, '2018-09-26 09:33:33'),
(5, 'gianmarco', 5, 1, 1, '2018-09-26 09:33:33'),
(6, 'gianmarco', 6, 1, 1, '2018-09-26 09:33:33'),
(7, 'gianmarco', 7, 1, 1, '2018-09-26 09:33:33'),
(8, 'gianmarco', 8, 1, 1, '2018-09-26 09:33:33'),
(9, 'gianmarco', 9, 1, 1, '2018-09-26 09:33:33'),
(10, 'gianmarco', 10, 1, 1, '2018-09-26 09:33:33'),
(11, 'gianmarco', 11, 1, 1, '2018-09-26 09:33:33'),
(12, 'gianmarco', 12, 1, 1, '2018-09-26 09:33:33'),
(13, 'gianmarco', 13, 1, 1, '2019-09-21 13:00:14'),
(14, 'gianmarco', 14, 1, 1, '2019-09-21 13:00:14'),
(15, 'gianmarco', 15, 1, 1, '2019-09-21 13:00:14'),
(16, 'gianmarco', 16, 1, 1, '2019-09-21 13:00:14'),
(17, 'gianmarco', 17, 1, 1, '2019-09-21 13:00:14'),
(18, 'gianmarco', 18, 1, 1, '2019-09-21 13:00:14'),
(19, 'gianmarco', 19, 1, 2, '2018-09-26 09:33:33'),
(31, 'tabo', 1, 1, 1, '2018-09-30 01:38:06'),
(32, 'tabo', 2, 1, 1, '2018-09-30 01:38:06'),
(33, 'tabo', 3, 1, 1, '2018-09-30 01:38:06'),
(34, 'tabo', 4, 1, 1, '2018-09-30 01:38:06'),
(35, 'tabo', 5, 1, 1, '2018-09-30 01:38:06'),
(36, 'tabo', 6, 1, 1, '2018-09-30 01:38:06'),
(37, 'tabo', 7, 1, 1, '2018-09-30 01:38:06'),
(38, 'tabo', 8, 1, 1, '2018-09-30 01:38:06'),
(39, 'tabo', 9, 1, 1, '2018-09-30 01:38:06'),
(40, 'tabo', 10, 1, 1, '2018-09-30 01:38:06'),
(41, 'tabo', 11, 1, 1, '2018-09-30 01:38:06'),
(42, 'tabo', 12, 1, 1, '2018-09-30 01:38:06'),
(43, 'tabo', 13, 1, 1, '2018-09-30 01:38:06'),
(44, 'tabo', 14, 1, 1, '2018-09-30 01:38:06'),
(45, 'tabo', 15, 1, 1, '2018-09-30 01:38:06'),
(46, 'tabo', 16, 1, 1, '2018-09-30 01:38:06'),
(47, 'tabo', 17, 1, 1, '2018-09-30 01:38:06'),
(48, 'tabo', 18, 1, 1, '2018-09-30 01:38:06'),
(49, 'tabo', 19, 1, 2, '2018-09-30 01:40:37'),
(50, 'kristian', 1, 1, 1, '2021-03-06 23:21:22'),
(51, 'kristian', 2, 1, 1, '2021-03-06 23:21:22'),
(52, 'kristian', 3, 1, 1, '2021-03-06 23:21:22'),
(53, 'kristian', 4, 1, 1, '2021-03-06 23:21:22'),
(54, 'kristian', 5, 1, 1, '2021-03-06 23:21:22'),
(55, 'kristian', 6, 1, 1, '2021-03-06 23:21:22'),
(56, 'kristian', 7, 1, 1, '2021-03-06 23:21:22'),
(57, 'kristian', 8, 1, 1, '2021-03-06 23:21:22'),
(58, 'kristian', 9, 1, 1, '2021-03-06 23:21:22'),
(59, 'kristian', 10, 1, 1, '2021-03-06 23:21:22'),
(60, 'alessio', 1, 1, 1, '2018-09-30 01:44:01'),
(61, 'alessio', 2, 1, 1, '2018-09-30 01:44:01'),
(62, 'alessio', 3, 1, 1, '2018-09-30 01:44:01'),
(63, 'alessio', 4, 1, 1, '2018-09-30 01:44:01'),
(64, 'alessio', 5, 1, 1, '2018-09-30 01:44:01'),
(65, 'alessio', 6, 1, 1, '2018-09-30 01:44:01'),
(66, 'alessio', 7, 1, 1, '2018-09-30 01:44:01'),
(67, 'alessio', 8, 1, 1, '2018-09-30 01:44:01'),
(68, 'alessio', 9, 1, 1, '2018-09-30 01:44:01'),
(69, 'alessio', 10, 1, 1, '2018-09-30 01:44:01'),
(70, 'alessio', 11, 1, 1, '2018-09-30 01:44:01'),
(71, 'alessio', 12, 1, 1, '2018-09-30 01:44:01'),
(72, 'alessio', 13, 1, 1, '2018-09-30 01:44:01'),
(73, 'alessio', 14, 1, 1, '2018-09-30 01:44:01'),
(74, 'michele', 1, 1, 1, '2018-09-30 01:44:23'),
(75, 'michele', 2, 1, 1, '2018-09-30 01:44:23'),
(76, 'michele', 3, 1, 1, '2018-09-30 01:44:23'),
(77, 'michele', 4, 1, 1, '2018-09-30 01:44:23'),
(78, 'michele', 5, 1, 1, '2018-09-30 01:44:23'),
(79, 'michele', 6, 1, 1, '2018-09-30 01:44:23'),
(80, 'michele', 7, 1, 1, '2018-09-30 01:44:23'),
(81, 'michele', 8, 1, 1, '2018-09-30 01:44:23'),
(82, 'michele', 9, 1, 1, '2018-09-30 01:44:23'),
(83, 'michele', 10, 1, 1, '2018-09-30 01:44:23'),
(84, 'michele', 11, 1, 1, '2018-09-30 01:44:23'),
(85, 'michele', 12, 1, 1, '2018-09-30 01:44:23'),
(86, 'michele', 13, 1, 1, '2018-09-30 01:44:23'),
(87, 'michele', 14, 1, 1, '2018-09-30 01:44:23'),
(88, 'michele', 15, 1, 1, '2018-09-30 01:44:23'),
(89, 'michele', 16, 1, 1, '2018-09-30 01:44:23'),
(90, 'michele', 17, 1, 1, '2018-09-30 01:44:23'),
(91, 'michele', 18, 1, 1, '2018-09-30 01:44:23'),
(92, 'michele', 19, 1, 2, '2018-09-30 01:44:35'),
(93, 'giovanni', 1, 1, 1, '2018-09-30 01:45:07'),
(94, 'giovanni', 2, 1, 1, '2018-09-30 01:45:07'),
(95, 'giovanni', 3, 1, 1, '2018-09-30 01:45:07'),
(96, 'giovanni', 4, 1, 1, '2018-09-30 01:45:07'),
(97, 'giovanni', 5, 1, 1, '2018-09-30 01:45:07'),
(98, 'giovanni', 6, 1, 1, '2018-09-30 01:45:07'),
(99, 'giovanni', 7, 1, 1, '2018-09-30 01:45:07'),
(100, 'giovanni', 8, 1, 1, '2018-09-30 01:45:07'),
(101, 'giovanni', 9, 1, 1, '2018-09-30 01:45:07'),
(102, 'giovanni', 10, 1, 1, '2018-09-30 01:45:07'),
(103, 'giovanni', 11, 1, 1, '2018-09-30 01:45:07'),
(104, 'giovanni', 12, 1, 1, '2018-09-30 01:45:07'),
(105, 'giovanni', 13, 1, 1, '2018-09-30 01:45:07'),
(106, 'giovanni', 14, 1, 1, '2018-09-30 01:45:07'),
(107, 'giovanni', 15, 1, 1, '2018-09-30 01:45:07'),
(108, 'kristian', 11, 1, 1, '2021-03-06 23:21:22'),
(109, 'kristian', 12, 1, 1, '2021-03-06 23:21:22'),
(110, 'kristian', 13, 1, 1, '2021-03-06 23:21:22'),
(111, 'kristian', 14, 1, 1, '2021-03-06 23:21:22'),
(112, 'kristian', 15, 1, 1, '2021-03-06 23:21:22'),
(113, 'kristian', 16, 1, 1, '2021-03-06 23:21:22'),
(114, 'kristian', 17, 1, 1, '2021-03-06 23:21:22'),
(115, 'kristian', 18, 1, 1, '2021-03-06 23:21:22'),
(116, 'kristian', 19, 1, 2, '2018-10-06 18:13:42'),
(117, 'alessio', 15, 1, 1, '2018-10-20 18:03:26'),
(118, 'alessio', 16, 1, 1, '2018-11-03 15:13:14'),
(119, 'alessio', 17, 1, 1, '2018-11-03 15:13:14'),
(120, 'alessio', 18, 1, 1, '2018-11-03 15:13:14'),
(121, 'alessio', 19, 1, 2, '2018-11-03 15:12:46'),
(122, 'giovanni', 16, 1, 1, '2018-11-03 15:13:29'),
(123, 'giovanni', 17, 1, 1, '2018-11-03 15:13:29'),
(124, 'giovanni', 18, 1, 1, '2018-11-03 15:13:29'),
(125, 'giovanni', 19, 1, 2, '2018-11-03 15:13:40'),
(126, 'tabo', 20, 1, 1, '2019-02-10 13:53:16'),
(127, 'tabo', 21, 1, 1, '2019-02-10 13:53:16'),
(128, 'tabo', 22, 1, 1, '2019-02-10 13:53:16'),
(129, 'tabo', 23, 1, 1, '2019-02-10 13:53:16'),
(130, 'tabo', 24, 1, 1, '2019-02-10 13:53:16'),
(131, 'tabo', 25, 1, 1, '2019-02-10 13:53:16'),
(132, 'tabo', 26, 1, 1, '2019-02-10 13:53:16'),
(133, 'tabo', 27, 1, 1, '2019-02-10 13:53:16'),
(134, 'tabo', 28, 1, 1, '2019-02-10 13:53:16'),
(135, 'tabo', 29, 1, 1, '2019-02-10 13:53:16'),
(136, 'tabo', 30, 1, 1, '2019-02-10 13:53:16'),
(137, 'tabo', 31, 1, 1, '2019-02-10 13:53:16'),
(138, 'tabo', 32, 1, 1, '2019-02-10 13:53:16'),
(139, 'tabo', 33, 1, 1, '2019-02-10 13:53:16'),
(140, 'tabo', 34, 1, 1, '2019-02-10 13:53:16'),
(141, 'tabo', 35, 1, 1, '2019-02-10 13:53:16'),
(142, 'tabo', 36, 1, 1, '2019-02-10 13:53:16'),
(143, 'tabo', 37, 1, 1, '2019-02-10 13:53:16'),
(144, 'tabo', 38, 1, 2, '2019-02-10 13:53:34'),
(145, 'michele', 20, 1, 1, '2019-02-10 13:54:06'),
(146, 'michele', 21, 1, 1, '2019-02-10 13:54:06'),
(147, 'michele', 22, 1, 1, '2019-02-10 13:54:06'),
(148, 'michele', 23, 1, 1, '2019-02-10 13:54:06'),
(149, 'michele', 24, 1, 1, '2019-02-10 13:54:06'),
(150, 'michele', 25, 1, 1, '2019-02-10 13:54:06'),
(151, 'michele', 26, 1, 1, '2019-02-10 13:54:06'),
(152, 'michele', 27, 1, 1, '2019-02-10 13:54:06'),
(153, 'michele', 28, 1, 1, '2019-02-10 13:54:06'),
(154, 'michele', 29, 1, 1, '2019-02-10 13:54:06'),
(155, 'michele', 30, 1, 1, '2019-02-10 13:54:06'),
(156, 'michele', 31, 1, 1, '2019-02-10 13:54:06'),
(157, 'michele', 32, 1, 1, '2019-02-10 13:54:06'),
(158, 'michele', 33, 1, 1, '2019-02-10 13:54:06'),
(159, 'michele', 34, 1, 1, '2019-02-10 13:54:06'),
(160, 'michele', 35, 1, 1, '2019-02-10 13:54:06'),
(161, 'michele', 36, 1, 1, '2019-02-10 13:54:06'),
(162, 'michele', 37, 1, 1, '2019-02-10 13:54:06'),
(163, 'michele', 38, 1, 2, '2019-02-10 13:54:32'),
(164, 'alessio', 20, 1, 1, '2019-05-18 20:12:56'),
(165, 'alessio', 21, 1, 1, '2019-05-18 20:12:56'),
(166, 'alessio', 22, 1, 1, '2019-05-18 20:12:56'),
(167, 'alessio', 23, 1, 1, '2019-05-18 20:12:56'),
(168, 'giovanni', 20, 1, 1, '2019-02-10 13:56:21'),
(169, 'giovanni', 21, 1, 1, '2019-02-10 13:56:21'),
(170, 'giovanni', 22, 1, 1, '2019-02-10 13:56:21'),
(171, 'giovanni', 23, 1, 1, '2019-02-10 13:56:21'),
(172, 'giovanni', 24, 1, 1, '2019-02-10 13:56:21'),
(173, 'giovanni', 25, 1, 1, '2019-02-10 13:56:21'),
(174, 'giovanni', 26, 1, 1, '2019-02-10 13:56:21'),
(175, 'giovanni', 27, 1, 1, '2019-02-10 13:56:21'),
(176, 'giovanni', 28, 1, 1, '2019-02-10 13:56:21'),
(177, 'giovanni', 29, 1, 1, '2019-02-10 13:56:21'),
(178, 'gianmarco', 20, 1, 1, '2019-05-04 20:01:33'),
(179, 'kristian', 20, 1, 1, '2019-03-10 10:37:41'),
(180, 'kristian', 21, 1, 1, '2019-03-10 10:42:05'),
(181, 'gianmarco', 21, 1, 1, '2019-05-04 20:01:33'),
(182, 'gianmarco', 22, 1, 1, '2019-05-04 20:01:33'),
(183, 'kristian', 22, 1, 1, '2019-04-13 13:51:08'),
(184, 'kristian', 23, 1, 1, '2019-04-13 13:51:08'),
(185, 'kristian', 24, 1, 1, '2019-04-13 13:51:08'),
(186, 'kristian', 25, 1, 1, '2019-04-13 13:51:08'),
(187, 'kristian', 26, 1, 1, '2019-04-13 13:51:08'),
(188, 'kristian', 27, 1, 1, '2019-04-13 13:51:08'),
(189, 'kristian', 28, 1, 1, '2019-04-13 13:51:08'),
(190, 'kristian', 29, 1, 1, '2019-04-13 13:51:08'),
(191, 'gianmarco', 23, 1, 1, '2019-05-04 20:01:33'),
(192, 'gianmarco', 24, 1, 1, '2019-05-04 20:01:33'),
(193, 'gianmarco', 25, 1, 1, '2019-05-04 20:01:33'),
(194, 'gianmarco', 26, 1, 1, '2019-05-04 20:01:33'),
(195, 'gianmarco', 27, 1, 1, '2019-05-04 20:01:33'),
(196, 'gianmarco', 28, 1, 1, '2019-05-04 20:01:33'),
(197, 'gianmarco', 29, 1, 1, '2019-05-04 20:01:33'),
(198, 'alessio', 24, 1, 1, '2019-05-18 20:12:56'),
(199, 'alessio', 25, 1, 1, '2019-05-18 20:12:56'),
(200, 'alessio', 26, 1, 1, '2019-05-18 20:12:56'),
(201, 'alessio', 27, 1, 1, '2019-05-18 20:12:56'),
(202, 'alessio', 28, 1, 1, '2019-05-18 20:12:56'),
(203, 'alessio', 29, 1, 1, '2019-05-18 20:12:56'),
(204, 'gianmarco', 30, 1, 1, '2019-08-09 19:37:35'),
(205, 'gianmarco', 31, 1, 1, '2019-08-09 19:37:35'),
(206, 'alessio', 30, 1, 1, '2019-08-10 13:16:50'),
(207, 'alessio', 31, 1, 1, '2019-08-10 13:16:50'),
(208, 'alessio', 32, 1, 1, '2019-08-10 13:16:50'),
(209, 'alessio', 33, 1, 1, '2019-08-10 13:16:50'),
(210, 'alessio', 34, 1, 1, '2019-08-10 13:16:50'),
(211, 'alessio', 35, 1, 1, '2019-08-10 13:16:50'),
(212, 'alessio', 36, 1, 1, '2019-08-10 13:16:50'),
(213, 'alessio', 37, 1, 1, '2019-08-10 13:16:50'),
(214, 'alessio', 38, 1, 2, '2019-08-10 13:17:01'),
(215, 'giovanni', 30, 1, 1, '2019-08-10 13:32:06'),
(216, 'giovanni', 31, 1, 1, '2019-08-10 13:32:06'),
(217, 'kristian', 30, 1, 1, '2019-08-10 13:32:22'),
(218, 'kristian', 31, 1, 1, '2019-08-10 13:32:22'),
(219, 'gianmarco', 38, 1, 2, '2019-09-21 13:00:30'),
(220, 'gianmarco', 32, 1, 1, '2019-09-21 13:01:08'),
(221, 'gianmarco', 33, 1, 1, '2019-09-21 13:01:08'),
(222, 'gianmarco', 34, 1, 1, '2019-09-21 13:01:08'),
(223, 'gianmarco', 35, 1, 1, '2019-09-21 13:01:08'),
(224, 'gianmarco', 36, 1, 1, '2019-09-21 13:01:08'),
(225, 'gianmarco', 37, 1, 1, '2019-09-21 13:01:08'),
(226, 'kristian', 32, 1, 1, '2019-09-21 13:01:58'),
(227, 'kristian', 33, 1, 1, '2019-09-21 13:01:58'),
(228, 'kristian', 34, 1, 1, '2019-09-21 13:01:58'),
(229, 'kristian', 35, 1, 1, '2019-09-21 13:01:58'),
(230, 'kristian', 36, 1, 1, '2019-09-21 13:01:58'),
(231, 'kristian', 37, 1, 1, '2019-09-21 13:01:58'),
(232, 'kristian', 38, 1, 2, '2019-09-21 13:02:14'),
(233, 'giovanni', 32, 1, 1, '2019-09-21 13:05:57'),
(234, 'giovanni', 33, 1, 1, '2019-09-21 13:05:57'),
(235, 'giovanni', 34, 1, 1, '2019-09-21 13:05:57'),
(236, 'giovanni', 35, 1, 1, '2019-09-21 13:05:57'),
(237, 'giovanni', 36, 1, 1, '2019-09-21 13:05:57'),
(238, 'giovanni', 37, 1, 1, '2019-09-21 13:05:57'),
(239, 'giovanni', 38, 1, 2, '2019-09-21 13:06:16'),
(240, 'gianmarco', 39, 1, 1, '2020-07-13 12:56:17'),
(241, 'gianmarco', 43, 1, 1, '2020-07-13 12:56:17'),
(242, 'gianmarco', 44, 1, 1, '2020-07-13 12:56:17'),
(243, 'gianmarco', 45, 1, 1, '2020-07-13 12:56:17'),
(244, 'gianmarco', 46, 1, 1, '2020-07-13 12:56:17'),
(245, 'gianmarco', 47, 1, 1, '2020-07-13 12:56:17'),
(246, 'gianmarco', 48, 1, 1, '2020-07-13 12:56:17'),
(247, 'gianmarco', 49, 1, 1, '2020-07-13 12:56:17'),
(248, 'gianmarco', 52, 1, 1, '2020-07-13 12:56:17'),
(249, 'gianmarco', 54, 1, 1, '2020-07-13 12:56:17'),
(250, 'gianmarco', 55, 1, 1, '2020-07-13 12:56:17'),
(251, 'gianmarco', 56, 1, 1, '2020-07-13 12:56:17'),
(252, 'gianmarco', 57, 1, 1, '2020-07-13 12:56:17'),
(253, 'gianmarco', 58, 1, 1, '2020-07-13 12:56:17'),
(254, 'alessio', 39, 1, 1, '2020-07-17 08:18:45'),
(255, 'alessio', 43, 1, 1, '2020-07-17 08:18:45'),
(256, 'alessio', 44, 1, 1, '2020-07-17 08:18:45'),
(257, 'alessio', 45, 1, 1, '2020-07-17 08:18:45'),
(258, 'alessio', 46, 1, 1, '2020-07-17 08:18:45'),
(259, 'alessio', 47, 1, 1, '2020-07-17 08:18:45'),
(260, 'alessio', 48, 1, 1, '2020-07-17 08:18:45'),
(261, 'alessio', 49, 1, 1, '2020-07-17 08:18:45'),
(262, 'alessio', 52, 1, 1, '2020-07-17 08:18:45'),
(263, 'alessio', 54, 1, 1, '2020-07-17 08:18:45'),
(264, 'alessio', 55, 1, 1, '2020-07-17 08:18:45'),
(265, 'alessio', 56, 1, 1, '2020-07-17 08:18:45'),
(266, 'alessio', 57, 1, 1, '2020-07-17 08:18:45'),
(267, 'alessio', 58, 1, 1, '2020-07-17 08:18:45'),
(268, 'kristian', 39, 1, 1, '2020-07-17 08:18:59'),
(269, 'kristian', 43, 1, 1, '2020-07-17 08:18:59'),
(270, 'kristian', 44, 1, 1, '2020-07-17 08:18:59'),
(271, 'kristian', 45, 1, 1, '2020-07-17 08:18:59'),
(272, 'kristian', 46, 1, 1, '2020-07-17 08:18:59'),
(273, 'kristian', 47, 1, 1, '2020-07-17 08:18:59'),
(274, 'kristian', 48, 1, 1, '2020-07-17 08:18:59'),
(275, 'kristian', 49, 1, 1, '2020-07-17 08:18:59'),
(276, 'kristian', 52, 1, 1, '2020-07-17 08:18:59'),
(277, 'kristian', 54, 1, 1, '2020-07-17 08:18:59'),
(278, 'kristian', 55, 1, 1, '2020-07-17 08:18:59'),
(279, 'kristian', 56, 1, 1, '2020-07-17 08:18:59'),
(280, 'kristian', 57, 1, 1, '2020-07-17 08:18:59'),
(281, 'kristian', 58, 1, 1, '2020-07-17 08:18:59'),
(282, 'michele', 39, 1, 1, '2020-07-17 08:19:09'),
(283, 'michele', 43, 1, 1, '2020-07-17 08:19:09'),
(284, 'michele', 44, 1, 1, '2020-07-17 08:19:09'),
(285, 'michele', 45, 1, 1, '2020-07-17 08:19:09'),
(286, 'michele', 46, 1, 1, '2020-07-17 08:19:09'),
(287, 'michele', 47, 1, 1, '2020-07-17 08:19:09'),
(288, 'michele', 48, 1, 1, '2020-07-17 08:19:09'),
(289, 'michele', 49, 1, 1, '2020-07-17 08:19:09'),
(290, 'michele', 52, 1, 1, '2020-07-17 08:19:09'),
(291, 'michele', 54, 1, 1, '2020-07-17 08:19:09'),
(292, 'michele', 55, 1, 1, '2020-07-17 08:19:09'),
(293, 'michele', 56, 1, 1, '2020-07-17 08:19:09'),
(294, 'michele', 57, 1, 1, '2020-07-17 08:19:09'),
(295, 'michele', 58, 1, 1, '2020-07-17 08:19:09'),
(296, 'tabo', 39, 1, 1, '2020-07-17 08:19:17'),
(297, 'tabo', 43, 1, 1, '2020-07-17 08:19:17'),
(298, 'tabo', 44, 1, 1, '2020-07-17 08:19:17'),
(299, 'tabo', 45, 1, 1, '2020-07-17 08:19:17'),
(300, 'tabo', 46, 1, 1, '2020-07-17 08:19:17'),
(301, 'tabo', 47, 1, 1, '2020-07-17 08:19:17'),
(302, 'tabo', 48, 1, 1, '2020-07-17 08:19:17'),
(303, 'tabo', 49, 1, 1, '2020-07-17 08:19:17'),
(304, 'tabo', 52, 1, 1, '2020-07-17 08:19:17'),
(305, 'tabo', 54, 1, 1, '2020-07-17 08:19:17'),
(306, 'tabo', 55, 1, 1, '2020-07-17 08:19:17'),
(307, 'tabo', 56, 1, 1, '2020-07-17 08:19:17'),
(308, 'tabo', 57, 1, 1, '2020-07-17 08:19:17'),
(309, 'tabo', 58, 1, 1, '2020-07-17 08:19:17'),
(310, 'gianmarco', 59, 1, 1, '2020-11-08 13:56:25'),
(311, 'alessio', 59, 1, 1, '2020-11-08 13:56:25'),
(312, 'kristian', 59, 1, 1, '2020-11-08 13:56:25'),
(313, 'michele', 59, 1, 1, '2020-11-08 13:56:25'),
(314, 'tabo', 59, 1, 1, '2020-11-08 13:56:25'),
(315, 'gianmarco', 60, 1, 1, '2021-03-06 22:52:35'),
(316, 'gianmarco', 61, 1, 1, '2021-03-06 22:52:35'),
(317, 'gianmarco', 62, 1, 1, '2021-03-06 22:52:35'),
(318, 'gianmarco', 63, 1, 1, '2021-03-06 22:52:35'),
(319, 'gianmarco', 64, 1, 1, '2021-03-06 22:52:35'),
(320, 'gianmarco', 65, 1, 1, '2021-03-06 22:52:35'),
(321, 'gianmarco', 66, 1, 1, '2021-03-06 22:52:35'),
(322, 'gianmarco', 67, 1, 1, '2021-03-06 22:52:35'),
(323, 'gianmarco', 68, 1, 1, '2021-03-06 22:52:35'),
(324, 'gianmarco', 69, 1, 1, '2021-03-06 22:52:35'),
(325, 'gianmarco', 70, 1, 1, '2021-03-06 22:52:35'),
(326, 'gianmarco', 71, 1, 1, '2021-03-06 22:52:35'),
(327, 'gianmarco', 72, 1, 1, '2021-03-06 22:52:35'),
(328, 'gianmarco', 73, 1, 1, '2021-03-06 22:52:35'),
(329, 'gianmarco', 74, 1, 1, '2021-03-06 22:52:35'),
(330, 'gianmarco', 75, 1, 1, '2021-03-06 22:52:35'),
(331, 'gianmarco', 76, 1, 1, '2021-03-06 22:52:35'),
(332, 'gianmarco', 78, 1, 2, '2021-03-06 22:52:46'),
(333, 'alessio', 60, 1, 1, '2021-03-06 23:19:25'),
(334, 'alessio', 61, 1, 1, '2021-03-06 23:19:25'),
(335, 'alessio', 62, 1, 1, '2021-03-06 23:19:25'),
(336, 'alessio', 63, 1, 1, '2021-03-06 23:19:25'),
(337, 'alessio', 64, 1, 1, '2021-03-06 23:19:25'),
(338, 'alessio', 65, 1, 1, '2021-03-06 23:19:25'),
(339, 'alessio', 66, 1, 1, '2021-03-06 23:19:25'),
(340, 'alessio', 67, 1, 1, '2021-03-06 23:19:25'),
(341, 'alessio', 68, 1, 1, '2021-03-06 23:19:25'),
(342, 'alessio', 69, 1, 1, '2021-03-06 23:19:25'),
(343, 'alessio', 70, 1, 1, '2021-03-06 23:19:25'),
(344, 'alessio', 71, 1, 1, '2021-03-06 23:19:25'),
(345, 'alessio', 72, 1, 1, '2021-03-06 23:19:25'),
(346, 'alessio', 73, 1, 1, '2021-03-06 23:19:25'),
(347, 'alessio', 74, 1, 1, '2021-03-06 23:19:25'),
(348, 'alessio', 75, 1, 1, '2021-03-06 23:19:25'),
(349, 'alessio', 76, 1, 1, '2021-03-06 23:19:25'),
(350, 'alessio', 78, 1, 2, '2021-03-06 23:19:34'),
(351, 'kristian', 78, 1, 2, '2021-03-06 23:21:34'),
(352, 'michele', 60, 1, 1, '2021-03-06 23:22:01'),
(353, 'michele', 61, 1, 1, '2021-03-06 23:22:01'),
(354, 'michele', 62, 1, 1, '2021-03-06 23:22:01'),
(355, 'michele', 63, 1, 1, '2021-03-06 23:22:01'),
(356, 'michele', 64, 1, 1, '2021-03-06 23:22:01'),
(357, 'michele', 65, 1, 1, '2021-03-06 23:22:01'),
(358, 'michele', 66, 1, 1, '2021-03-06 23:22:01'),
(359, 'michele', 67, 1, 1, '2021-03-06 23:22:01'),
(360, 'michele', 68, 1, 1, '2021-03-06 23:22:01'),
(361, 'michele', 69, 1, 1, '2021-03-06 23:22:01'),
(362, 'michele', 70, 1, 1, '2021-03-06 23:22:01'),
(363, 'michele', 71, 1, 1, '2021-03-06 23:22:01'),
(364, 'michele', 72, 1, 1, '2021-03-06 23:22:01'),
(365, 'michele', 73, 1, 1, '2021-03-06 23:22:01'),
(366, 'michele', 74, 1, 1, '2021-03-06 23:22:01'),
(367, 'michele', 75, 1, 1, '2021-03-06 23:22:01'),
(368, 'michele', 76, 1, 1, '2021-03-06 23:22:01'),
(369, 'michele', 78, 1, 2, '2021-03-06 23:22:08'),
(370, 'tabo', 60, 1, 1, '2021-03-06 23:22:17'),
(371, 'tabo', 61, 1, 1, '2021-03-06 23:22:17'),
(372, 'tabo', 62, 1, 1, '2021-03-06 23:22:17'),
(373, 'tabo', 63, 1, 1, '2021-03-06 23:22:17'),
(374, 'tabo', 64, 1, 1, '2021-03-06 23:22:17'),
(375, 'tabo', 65, 1, 1, '2021-03-06 23:22:17'),
(376, 'tabo', 66, 1, 1, '2021-03-06 23:22:17'),
(377, 'tabo', 67, 1, 1, '2021-03-06 23:22:17'),
(378, 'tabo', 68, 1, 1, '2021-03-06 23:22:17'),
(379, 'tabo', 69, 1, 1, '2021-03-06 23:22:17'),
(380, 'tabo', 70, 1, 1, '2021-03-06 23:22:17'),
(381, 'tabo', 71, 1, 1, '2021-03-06 23:22:17'),
(382, 'tabo', 72, 1, 1, '2021-03-06 23:22:17'),
(383, 'tabo', 73, 1, 1, '2021-03-06 23:22:17'),
(384, 'tabo', 74, 1, 1, '2021-03-06 23:22:17'),
(385, 'tabo', 75, 1, 1, '2021-03-06 23:22:17'),
(386, 'tabo', 76, 1, 1, '2021-03-06 23:22:17'),
(387, 'tabo', 78, 1, 2, '2021-03-06 23:22:28'),
(388, 'kristian', 60, 1, 1, '2021-03-06 23:23:22'),
(389, 'kristian', 61, 1, 1, '2021-03-06 23:23:22'),
(390, 'kristian', 62, 1, 1, '2021-03-06 23:23:22'),
(391, 'kristian', 63, 1, 1, '2021-03-06 23:23:22'),
(392, 'kristian', 64, 1, 1, '2021-03-06 23:23:22'),
(393, 'kristian', 65, 1, 1, '2021-03-06 23:23:22'),
(394, 'kristian', 66, 1, 1, '2021-03-06 23:23:22'),
(395, 'kristian', 67, 1, 1, '2021-03-06 23:23:22'),
(396, 'kristian', 68, 1, 1, '2021-03-06 23:23:22'),
(397, 'kristian', 69, 1, 1, '2021-03-06 23:23:22'),
(398, 'kristian', 70, 1, 1, '2021-03-06 23:23:22'),
(399, 'kristian', 71, 1, 1, '2021-03-06 23:23:22'),
(400, 'kristian', 72, 1, 1, '2021-03-06 23:23:22'),
(401, 'kristian', 73, 1, 1, '2021-03-06 23:23:22'),
(402, 'kristian', 74, 1, 1, '2021-03-06 23:23:22'),
(403, 'kristian', 75, 1, 1, '2021-03-06 23:23:22'),
(404, 'kristian', 76, 1, 1, '2021-03-06 23:23:22'),
(405, 'giorgio', 60, 1, 1, '2021-03-20 13:40:59'),
(406, 'giorgio', 61, 1, 1, '2021-03-20 13:40:59'),
(407, 'giorgio', 62, 1, 1, '2021-03-20 13:40:59'),
(408, 'giorgio', 63, 1, 1, '2021-03-20 13:40:59'),
(409, 'giorgio', 64, 1, 1, '2021-03-20 13:40:59'),
(410, 'giorgio', 65, 1, 1, '2021-03-20 13:40:59'),
(411, 'giorgio', 66, 1, 1, '2021-03-20 13:40:59'),
(412, 'giorgio', 67, 1, 1, '2021-03-20 13:40:59'),
(413, 'giorgio', 68, 1, 1, '2021-03-20 13:40:59'),
(414, 'giorgio', 69, 1, 1, '2021-03-20 13:40:59'),
(415, 'giorgio', 70, 1, 1, '2021-03-20 13:40:59'),
(416, 'giorgio', 71, 1, 1, '2021-03-20 13:40:59'),
(417, 'giorgio', 72, 1, 1, '2021-03-20 13:40:59'),
(418, 'giorgio', 73, 1, 1, '2021-03-20 13:40:59'),
(419, 'giorgio', 74, 1, 1, '2021-03-20 13:40:59'),
(420, 'giorgio', 75, 1, 1, '2021-03-20 13:40:59'),
(421, 'giorgio', 76, 1, 1, '2021-03-20 13:40:59'),
(422, 'giorgio', 78, 1, 2, '2021-03-20 13:41:09'),
(423, 'giovanni', 60, 1, 1, '2021-03-20 13:41:51'),
(424, 'giovanni', 61, 1, 1, '2021-03-20 13:41:51'),
(425, 'giovanni', 62, 1, 1, '2021-03-20 13:41:51'),
(426, 'giovanni', 63, 1, 1, '2021-03-20 13:41:51'),
(427, 'giovanni', 64, 1, 1, '2021-03-20 13:41:51'),
(428, 'giovanni', 65, 1, 1, '2021-03-20 13:41:51'),
(429, 'giovanni', 66, 1, 1, '2021-03-20 13:41:51'),
(430, 'giovanni', 67, 1, 1, '2021-03-20 13:41:51'),
(431, 'giovanni', 68, 1, 1, '2021-03-20 13:41:51'),
(432, 'giovanni', 69, 1, 1, '2021-03-20 13:41:51'),
(433, 'giovanni', 70, 1, 1, '2021-03-20 13:41:51'),
(434, 'giovanni', 71, 1, 1, '2021-03-20 13:41:51'),
(435, 'giovanni', 72, 1, 1, '2021-03-20 13:41:51'),
(436, 'giovanni', 73, 1, 1, '2021-03-20 13:41:51'),
(437, 'giovanni', 74, 1, 1, '2021-03-20 13:41:51'),
(438, 'giovanni', 75, 1, 1, '2021-03-20 13:41:51'),
(439, 'giovanni', 76, 1, 1, '2021-03-20 13:41:51'),
(440, 'giovanni', 78, 1, 2, '2021-03-20 13:41:59'),
(441, 'alessio', 77, 1, 1, '2021-11-06 19:10:23'),
(442, 'gianmarco', 77, 1, 1, '2021-11-06 19:10:44'),
(443, 'giorgio', 77, 1, 1, '2021-11-06 19:10:55'),
(444, 'giovanni', 77, 1, 1, '2021-11-06 19:11:10'),
(445, 'kristian', 77, 1, 1, '2021-11-06 19:11:23'),
(446, 'michele', 77, 1, 1, '2021-11-06 19:11:37'),
(447, 'tabo', 77, 1, 1, '2021-11-06 19:11:52'),
(448, 'alessio', 80, 1, 1, '2022-02-22 17:04:57'),
(449, 'alessio', 81, 1, 1, '2022-02-22 17:04:57'),
(450, 'alessio', 82, 1, 1, '2022-02-22 17:04:57'),
(451, 'alessio', 83, 1, 1, '2022-02-22 17:04:57'),
(452, 'alessio', 84, 1, 1, '2022-02-22 17:04:57'),
(453, 'alessio', 85, 1, 1, '2022-02-22 17:04:57'),
(454, 'alessio', 86, 1, 1, '2022-02-22 17:04:57'),
(455, 'alessio', 87, 1, 1, '2022-02-22 17:04:57'),
(456, 'alessio', 88, 1, 1, '2022-02-22 17:04:57'),
(457, 'alessio', 89, 1, 1, '2022-02-22 17:04:57'),
(458, 'alessio', 90, 1, 1, '2022-02-22 17:04:57'),
(459, 'alessio', 91, 1, 1, '2022-02-22 17:04:57'),
(460, 'alessio', 92, 1, 1, '2022-02-22 17:04:57'),
(461, 'alessio', 93, 1, 1, '2022-02-22 17:04:57'),
(462, 'alessio', 94, 1, 1, '2022-02-22 17:04:57'),
(463, 'alessio', 95, 1, 1, '2022-02-22 17:04:57'),
(464, 'alessio', 96, 1, 1, '2022-02-22 17:04:57'),
(465, 'alessio', 97, 1, 1, '2022-02-22 17:04:57'),
(466, 'alessio', 98, 1, 1, '2022-02-22 17:04:57'),
(467, 'alessio', 99, 1, 1, '2022-02-22 17:04:57'),
(468, 'alessio', 100, 1, 1, '2022-02-22 17:04:57'),
(469, 'gianmarco', 80, 1, 1, '2022-02-22 17:05:15'),
(470, 'gianmarco', 81, 1, 1, '2022-02-22 17:05:15'),
(471, 'gianmarco', 82, 1, 1, '2022-02-22 17:05:15'),
(472, 'gianmarco', 83, 1, 1, '2022-02-22 17:05:15'),
(473, 'gianmarco', 84, 1, 1, '2022-02-22 17:05:15'),
(474, 'gianmarco', 85, 1, 1, '2022-02-22 17:05:15'),
(475, 'gianmarco', 86, 1, 1, '2022-02-22 17:05:15'),
(476, 'gianmarco', 87, 1, 1, '2022-02-22 17:05:15'),
(477, 'gianmarco', 88, 1, 1, '2022-02-22 17:05:15'),
(478, 'gianmarco', 89, 1, 1, '2022-02-22 17:05:15'),
(479, 'gianmarco', 90, 1, 1, '2022-02-22 17:05:15'),
(480, 'gianmarco', 91, 1, 1, '2022-02-22 17:05:15'),
(481, 'gianmarco', 92, 1, 1, '2022-02-22 17:05:15'),
(482, 'gianmarco', 93, 1, 1, '2022-02-22 17:05:15'),
(483, 'gianmarco', 94, 1, 1, '2022-02-22 17:05:15'),
(484, 'gianmarco', 95, 1, 1, '2022-02-22 17:05:15'),
(485, 'gianmarco', 96, 1, 1, '2022-02-22 17:05:15'),
(486, 'gianmarco', 97, 1, 1, '2022-02-22 17:05:15'),
(487, 'gianmarco', 98, 1, 1, '2022-02-22 17:05:15'),
(488, 'gianmarco', 99, 1, 1, '2022-02-22 17:05:15'),
(489, 'gianmarco', 100, 1, 1, '2022-02-22 17:05:15'),
(490, 'giorgio', 80, 1, 1, '2022-02-22 17:05:36'),
(491, 'giorgio', 81, 1, 1, '2022-02-22 17:05:36'),
(492, 'giorgio', 82, 1, 1, '2022-02-22 17:05:36'),
(493, 'giorgio', 83, 1, 1, '2022-02-22 17:05:36'),
(494, 'giorgio', 84, 1, 1, '2022-02-22 17:05:36'),
(495, 'giorgio', 85, 1, 1, '2022-02-22 17:05:36'),
(496, 'giorgio', 86, 1, 1, '2022-02-22 17:05:36'),
(497, 'giorgio', 87, 1, 1, '2022-02-22 17:05:36'),
(498, 'giorgio', 88, 1, 1, '2022-02-22 17:05:36'),
(499, 'giorgio', 89, 1, 1, '2022-02-22 17:05:36'),
(500, 'giorgio', 90, 1, 1, '2022-02-22 17:05:36'),
(501, 'giorgio', 91, 1, 1, '2022-02-22 17:05:36'),
(502, 'giorgio', 92, 1, 1, '2022-02-22 17:05:36'),
(503, 'giorgio', 93, 1, 1, '2022-02-22 17:05:36'),
(504, 'giorgio', 94, 1, 1, '2022-02-22 17:05:36'),
(505, 'giorgio', 95, 1, 1, '2022-02-22 17:05:36'),
(506, 'giorgio', 96, 1, 1, '2022-02-22 17:05:36'),
(507, 'giorgio', 97, 1, 1, '2022-02-22 17:05:36'),
(508, 'giorgio', 98, 1, 1, '2022-02-22 17:05:36'),
(509, 'giorgio', 99, 1, 1, '2022-02-22 17:05:36'),
(510, 'giorgio', 100, 1, 1, '2022-02-22 17:05:36'),
(511, 'kristian', 80, 1, 1, '2022-02-22 17:05:55'),
(512, 'kristian', 81, 1, 1, '2022-02-22 17:05:55'),
(513, 'kristian', 82, 1, 1, '2022-02-22 17:05:55'),
(514, 'kristian', 83, 1, 1, '2022-02-22 17:05:55'),
(515, 'kristian', 84, 1, 1, '2022-02-22 17:05:55'),
(516, 'kristian', 85, 1, 1, '2022-02-22 17:05:55'),
(517, 'kristian', 86, 1, 1, '2022-02-22 17:05:55'),
(518, 'kristian', 87, 1, 1, '2022-02-22 17:05:55'),
(519, 'kristian', 88, 1, 1, '2022-02-22 17:05:55'),
(520, 'kristian', 89, 1, 1, '2022-02-22 17:05:55'),
(521, 'kristian', 90, 1, 1, '2022-02-22 17:05:55'),
(522, 'kristian', 91, 1, 1, '2022-02-22 17:05:55'),
(523, 'kristian', 92, 1, 1, '2022-02-22 17:05:55'),
(524, 'kristian', 93, 1, 1, '2022-02-22 17:05:55'),
(525, 'kristian', 94, 1, 1, '2022-02-22 17:05:55'),
(526, 'kristian', 95, 1, 1, '2022-02-22 17:05:55'),
(527, 'kristian', 96, 1, 1, '2022-02-22 17:05:55'),
(528, 'kristian', 97, 1, 1, '2022-02-22 17:05:55'),
(529, 'kristian', 98, 1, 1, '2022-02-22 17:05:55'),
(530, 'kristian', 99, 1, 1, '2022-02-22 17:05:55'),
(531, 'kristian', 100, 1, 1, '2022-02-22 17:05:55'),
(532, 'michele', 80, 1, 1, '2022-02-22 17:06:08'),
(533, 'michele', 81, 1, 1, '2022-02-22 17:06:08'),
(534, 'michele', 82, 1, 1, '2022-02-22 17:06:08'),
(535, 'michele', 83, 1, 1, '2022-02-22 17:06:08'),
(536, 'michele', 84, 1, 1, '2022-02-22 17:06:08'),
(537, 'michele', 85, 1, 1, '2022-02-22 17:06:08'),
(538, 'michele', 86, 1, 1, '2022-02-22 17:06:08'),
(539, 'michele', 87, 1, 1, '2022-02-22 17:06:08'),
(540, 'michele', 88, 1, 1, '2022-02-22 17:06:08'),
(541, 'michele', 89, 1, 1, '2022-02-22 17:06:08'),
(542, 'michele', 90, 1, 1, '2022-02-22 17:06:08'),
(543, 'michele', 91, 1, 1, '2022-02-22 17:06:08'),
(544, 'michele', 92, 1, 1, '2022-02-22 17:06:08'),
(545, 'michele', 93, 1, 1, '2022-02-22 17:06:08'),
(546, 'michele', 94, 1, 1, '2022-02-22 17:06:08'),
(547, 'michele', 95, 1, 1, '2022-02-22 17:06:08'),
(548, 'michele', 96, 1, 1, '2022-02-22 17:06:08'),
(549, 'michele', 97, 1, 1, '2022-02-22 17:06:08'),
(550, 'michele', 98, 1, 1, '2022-02-22 17:06:08'),
(551, 'michele', 99, 1, 1, '2022-02-22 17:06:08'),
(552, 'michele', 100, 1, 1, '2022-02-22 17:06:08'),
(553, 'tabo', 80, 1, 1, '2022-02-22 17:06:23'),
(554, 'tabo', 81, 1, 1, '2022-02-22 17:06:23'),
(555, 'tabo', 82, 1, 1, '2022-02-22 17:06:23'),
(556, 'tabo', 83, 1, 1, '2022-02-22 17:06:23'),
(557, 'tabo', 84, 1, 1, '2022-02-22 17:06:23'),
(558, 'tabo', 85, 1, 1, '2022-02-22 17:06:23'),
(559, 'tabo', 86, 1, 1, '2022-02-22 17:06:23'),
(560, 'tabo', 87, 1, 1, '2022-02-22 17:06:23'),
(561, 'tabo', 88, 1, 1, '2022-02-22 17:06:23'),
(562, 'tabo', 89, 1, 1, '2022-02-22 17:06:23'),
(563, 'tabo', 90, 1, 1, '2022-02-22 17:06:23'),
(564, 'tabo', 91, 1, 1, '2022-02-22 17:06:23'),
(565, 'tabo', 92, 1, 1, '2022-02-22 17:06:23'),
(566, 'tabo', 93, 1, 1, '2022-02-22 17:06:23'),
(567, 'tabo', 94, 1, 1, '2022-02-22 17:06:23'),
(568, 'tabo', 95, 1, 1, '2022-02-22 17:06:23'),
(569, 'tabo', 96, 1, 1, '2022-02-22 17:06:23'),
(570, 'tabo', 97, 1, 1, '2022-02-22 17:06:23'),
(571, 'tabo', 98, 1, 1, '2022-02-22 17:06:23'),
(572, 'tabo', 99, 1, 1, '2022-02-22 17:06:23'),
(573, 'tabo', 100, 1, 1, '2022-02-22 17:06:23'),
(574, 'zigusmicia', 80, 1, 1, '2022-02-22 17:06:40'),
(575, 'zigusmicia', 81, 1, 1, '2022-02-22 17:06:40'),
(576, 'zigusmicia', 82, 1, 1, '2022-02-22 17:06:40'),
(577, 'zigusmicia', 83, 1, 1, '2022-02-22 17:06:40'),
(578, 'zigusmicia', 84, 1, 1, '2022-02-22 17:06:40'),
(579, 'zigusmicia', 85, 1, 1, '2022-02-22 17:06:40'),
(580, 'zigusmicia', 86, 1, 1, '2022-02-22 17:06:40'),
(581, 'zigusmicia', 87, 1, 1, '2022-02-22 17:06:40'),
(582, 'zigusmicia', 88, 1, 1, '2022-02-22 17:06:40'),
(583, 'zigusmicia', 89, 1, 1, '2022-02-22 17:06:40'),
(584, 'zigusmicia', 90, 1, 1, '2022-02-22 17:06:40'),
(585, 'zigusmicia', 91, 1, 1, '2022-02-22 17:06:40'),
(586, 'zigusmicia', 92, 1, 1, '2022-02-22 17:06:40'),
(587, 'zigusmicia', 93, 1, 1, '2022-02-22 17:06:40'),
(588, 'zigusmicia', 94, 1, 1, '2022-02-22 17:06:40'),
(589, 'zigusmicia', 95, 1, 1, '2022-02-22 17:06:40'),
(590, 'zigusmicia', 96, 1, 1, '2022-02-22 17:06:40'),
(591, 'zigusmicia', 97, 1, 1, '2022-02-22 17:06:40'),
(592, 'zigusmicia', 98, 1, 1, '2022-02-22 17:06:40'),
(593, 'zigusmicia', 99, 1, 1, '2022-02-22 17:06:40'),
(594, 'zigusmicia', 100, 1, 1, '2022-02-22 17:06:40'),
(595, 'alessio', 101, 1, 1, '2023-02-25 15:10:11'),
(596, 'alessio', 102, 1, 1, '2023-02-25 15:10:11'),
(597, 'alessio', 103, 1, 1, '2023-02-25 15:10:11'),
(598, 'alessio', 104, 1, 1, '2023-02-25 15:10:11'),
(599, 'alessio', 105, 1, 1, '2023-02-25 15:10:11'),
(600, 'alessio', 106, 1, 1, '2023-02-25 15:10:11'),
(601, 'alessio', 107, 1, 1, '2023-02-25 15:10:11'),
(602, 'alessio', 108, 1, 1, '2023-02-25 15:10:11'),
(603, 'alessio', 109, 1, 1, '2023-02-25 15:10:11'),
(604, 'alessio', 110, 1, 1, '2023-02-25 15:10:11'),
(605, 'alessio', 111, 1, 1, '2023-02-25 15:10:11'),
(606, 'alessio', 122, 1, 1, '2023-02-25 15:10:11'),
(607, 'alessio', 123, 1, 1, '2023-02-25 15:10:11'),
(608, 'alessio', 124, 1, 1, '2023-02-25 15:10:11'),
(609, 'alessio', 125, 1, 1, '2023-02-25 15:10:11'),
(610, 'alessio', 126, 1, 1, '2023-02-25 15:10:11'),
(611, 'alessio', 127, 1, 1, '2023-02-25 15:10:11'),
(612, 'alessio', 128, 1, 1, '2023-02-25 15:10:11'),
(613, 'alessio', 130, 1, 1, '2023-02-25 15:10:11'),
(614, 'alessio', 131, 1, 1, '2023-02-25 15:10:11'),
(615, 'alessio', 129, 1, 1, '2023-02-25 15:10:11'),
(616, 'gianmarco', 101, 1, 1, '2023-02-25 15:10:42'),
(617, 'gianmarco', 102, 1, 1, '2023-02-25 15:10:42'),
(618, 'gianmarco', 103, 1, 1, '2023-02-25 15:10:42'),
(619, 'gianmarco', 104, 1, 1, '2023-02-25 15:10:42'),
(620, 'gianmarco', 105, 1, 1, '2023-02-25 15:10:42'),
(621, 'gianmarco', 106, 1, 1, '2023-02-25 15:10:42'),
(622, 'gianmarco', 107, 1, 1, '2023-02-25 15:10:42'),
(623, 'gianmarco', 108, 1, 1, '2023-02-25 15:10:42'),
(624, 'gianmarco', 109, 1, 1, '2023-02-25 15:10:42'),
(625, 'gianmarco', 110, 1, 1, '2023-02-25 15:10:42'),
(626, 'gianmarco', 111, 1, 1, '2023-02-25 15:10:42'),
(627, 'gianmarco', 122, 1, 1, '2023-02-25 15:10:42'),
(628, 'gianmarco', 123, 1, 1, '2023-02-25 15:10:42'),
(629, 'gianmarco', 124, 1, 1, '2023-02-25 15:10:42'),
(630, 'gianmarco', 125, 1, 1, '2023-02-25 15:10:42'),
(631, 'gianmarco', 126, 1, 1, '2023-02-25 15:10:42'),
(632, 'gianmarco', 127, 1, 1, '2023-02-25 15:10:42'),
(633, 'gianmarco', 128, 1, 1, '2023-02-25 15:10:42'),
(634, 'gianmarco', 130, 1, 1, '2023-02-25 15:10:42'),
(635, 'gianmarco', 131, 1, 1, '2023-02-25 15:10:42'),
(636, 'gianmarco', 129, 1, 1, '2023-02-25 15:10:42'),
(637, 'giorgio', 1, 1, 1, '2023-02-25 15:11:04'),
(638, 'giorgio', 2, 1, 1, '2023-02-25 15:11:04'),
(639, 'giorgio', 3, 1, 1, '2023-02-25 15:11:04'),
(640, 'giorgio', 4, 1, 1, '2023-02-25 15:11:04'),
(641, 'giorgio', 5, 1, 1, '2023-02-25 15:11:04'),
(642, 'giorgio', 6, 1, 1, '2023-02-25 15:11:04'),
(643, 'giorgio', 7, 1, 1, '2023-02-25 15:11:04'),
(644, 'giorgio', 8, 1, 1, '2023-02-25 15:11:04'),
(645, 'giorgio', 9, 1, 1, '2023-02-25 15:11:04'),
(646, 'giorgio', 10, 1, 1, '2023-02-25 15:11:04'),
(647, 'giorgio', 11, 1, 1, '2023-02-25 15:11:04'),
(648, 'giorgio', 12, 1, 1, '2023-02-25 15:11:04'),
(649, 'giorgio', 13, 1, 1, '2023-02-25 15:11:04'),
(650, 'giorgio', 14, 1, 1, '2023-02-25 15:11:04'),
(651, 'giorgio', 15, 1, 1, '2023-02-25 15:11:04'),
(652, 'giorgio', 16, 1, 1, '2023-02-25 15:11:04'),
(653, 'giorgio', 17, 1, 1, '2023-02-25 15:11:04'),
(654, 'giorgio', 18, 1, 1, '2023-02-25 15:11:04'),
(655, 'giorgio', 19, 1, 1, '2023-02-25 15:11:04'),
(656, 'giorgio', 101, 1, 1, '2023-02-25 15:11:22'),
(657, 'giorgio', 102, 1, 1, '2023-02-25 15:11:22'),
(658, 'giorgio', 103, 1, 1, '2023-02-25 15:11:22'),
(659, 'giorgio', 104, 1, 1, '2023-02-25 15:11:22'),
(660, 'giorgio', 105, 1, 1, '2023-02-25 15:11:22'),
(661, 'giorgio', 106, 1, 1, '2023-02-25 15:11:22'),
(662, 'giorgio', 107, 1, 1, '2023-02-25 15:11:22'),
(663, 'giorgio', 108, 1, 1, '2023-02-25 15:11:22'),
(664, 'giorgio', 109, 1, 1, '2023-02-25 15:11:22'),
(665, 'giorgio', 110, 1, 1, '2023-02-25 15:11:22'),
(666, 'giorgio', 111, 1, 1, '2023-02-25 15:11:22'),
(667, 'giorgio', 122, 1, 1, '2023-02-25 15:11:22'),
(668, 'giorgio', 123, 1, 1, '2023-02-25 15:11:22'),
(669, 'giorgio', 124, 1, 1, '2023-02-25 15:11:22'),
(670, 'giorgio', 125, 1, 1, '2023-02-25 15:11:22'),
(671, 'giorgio', 126, 1, 1, '2023-02-25 15:11:22'),
(672, 'giorgio', 127, 1, 1, '2023-02-25 15:11:22'),
(673, 'giorgio', 128, 1, 1, '2023-02-25 15:11:22'),
(674, 'giorgio', 130, 1, 1, '2023-02-25 15:11:22'),
(675, 'giorgio', 131, 1, 1, '2023-02-25 15:11:22'),
(676, 'giorgio', 129, 1, 1, '2023-02-25 15:11:22'),
(677, 'giovanni', 101, 1, 1, '2023-02-25 15:11:43'),
(678, 'giovanni', 102, 1, 1, '2023-02-25 15:11:43'),
(679, 'giovanni', 103, 1, 1, '2023-02-25 15:11:43'),
(680, 'giovanni', 104, 1, 1, '2023-02-25 15:11:43'),
(681, 'giovanni', 105, 1, 1, '2023-02-25 15:11:43'),
(682, 'giovanni', 106, 1, 1, '2023-02-25 15:11:43'),
(683, 'giovanni', 107, 1, 1, '2023-02-25 15:11:43'),
(684, 'giovanni', 108, 1, 1, '2023-02-25 15:11:43'),
(685, 'giovanni', 109, 1, 1, '2023-02-25 15:11:43'),
(686, 'giovanni', 110, 1, 1, '2023-02-25 15:11:43'),
(687, 'giovanni', 111, 1, 1, '2023-02-25 15:11:43'),
(688, 'giovanni', 122, 1, 1, '2023-02-25 15:11:43'),
(689, 'giovanni', 123, 1, 1, '2023-02-25 15:11:43'),
(690, 'giovanni', 124, 1, 1, '2023-02-25 15:11:43'),
(691, 'giovanni', 125, 1, 1, '2023-02-25 15:11:43'),
(692, 'giovanni', 126, 1, 1, '2023-02-25 15:11:43'),
(693, 'giovanni', 127, 1, 1, '2023-02-25 15:11:43'),
(694, 'giovanni', 128, 1, 1, '2023-02-25 15:11:43'),
(695, 'giovanni', 130, 1, 1, '2023-02-25 15:11:43'),
(696, 'giovanni', 131, 1, 1, '2023-02-25 15:11:43'),
(697, 'giovanni', 129, 1, 1, '2023-02-25 15:11:43'),
(698, 'kristian', 101, 1, 1, '2023-02-25 15:11:54'),
(699, 'kristian', 102, 1, 1, '2023-02-25 15:11:54'),
(700, 'kristian', 103, 1, 1, '2023-02-25 15:11:54'),
(701, 'kristian', 104, 1, 1, '2023-02-25 15:11:54'),
(702, 'kristian', 105, 1, 1, '2023-02-25 15:11:54'),
(703, 'kristian', 106, 1, 1, '2023-02-25 15:11:54'),
(704, 'kristian', 107, 1, 1, '2023-02-25 15:11:54'),
(705, 'kristian', 108, 1, 1, '2023-02-25 15:11:54'),
(706, 'kristian', 109, 1, 1, '2023-02-25 15:11:54'),
(707, 'kristian', 110, 1, 1, '2023-02-25 15:11:54'),
(708, 'kristian', 111, 1, 1, '2023-02-25 15:11:54'),
(709, 'kristian', 122, 1, 1, '2023-02-25 15:11:54'),
(710, 'kristian', 123, 1, 1, '2023-02-25 15:11:54'),
(711, 'kristian', 124, 1, 1, '2023-02-25 15:11:54'),
(712, 'kristian', 125, 1, 1, '2023-02-25 15:11:54'),
(713, 'kristian', 126, 1, 1, '2023-02-25 15:11:54'),
(714, 'kristian', 127, 1, 1, '2023-02-25 15:11:54'),
(715, 'kristian', 128, 1, 1, '2023-02-25 15:11:54'),
(716, 'kristian', 130, 1, 1, '2023-02-25 15:11:54'),
(717, 'kristian', 131, 1, 1, '2023-02-25 15:11:54'),
(718, 'kristian', 129, 1, 1, '2023-02-25 15:11:54'),
(719, 'michele', 101, 1, 1, '2023-02-25 15:12:05'),
(720, 'michele', 102, 1, 1, '2023-02-25 15:12:05'),
(721, 'michele', 103, 1, 1, '2023-02-25 15:12:05'),
(722, 'michele', 104, 1, 1, '2023-02-25 15:12:05'),
(723, 'michele', 105, 1, 1, '2023-02-25 15:12:05'),
(724, 'michele', 106, 1, 1, '2023-02-25 15:12:05'),
(725, 'michele', 107, 1, 1, '2023-02-25 15:12:05'),
(726, 'michele', 108, 1, 1, '2023-02-25 15:12:05'),
(727, 'michele', 109, 1, 1, '2023-02-25 15:12:05'),
(728, 'michele', 110, 1, 1, '2023-02-25 15:12:05'),
(729, 'michele', 111, 1, 1, '2023-02-25 15:12:05'),
(730, 'michele', 122, 1, 1, '2023-02-25 15:12:05'),
(731, 'michele', 123, 1, 1, '2023-02-25 15:12:05'),
(732, 'michele', 124, 1, 1, '2023-02-25 15:12:05'),
(733, 'michele', 125, 1, 1, '2023-02-25 15:12:05'),
(734, 'michele', 126, 1, 1, '2023-02-25 15:12:05'),
(735, 'michele', 127, 1, 1, '2023-02-25 15:12:05'),
(736, 'michele', 128, 1, 1, '2023-02-25 15:12:05'),
(737, 'michele', 130, 1, 1, '2023-02-25 15:12:05'),
(738, 'michele', 131, 1, 1, '2023-02-25 15:12:05'),
(739, 'michele', 129, 1, 1, '2023-02-25 15:12:05'),
(740, 'tabo', 101, 1, 1, '2023-02-25 15:12:17'),
(741, 'tabo', 102, 1, 1, '2023-02-25 15:12:17'),
(742, 'tabo', 103, 1, 1, '2023-02-25 15:12:17'),
(743, 'tabo', 104, 1, 1, '2023-02-25 15:12:17'),
(744, 'tabo', 105, 1, 1, '2023-02-25 15:12:17'),
(745, 'tabo', 106, 1, 1, '2023-02-25 15:12:17'),
(746, 'tabo', 107, 1, 1, '2023-02-25 15:12:17'),
(747, 'tabo', 108, 1, 1, '2023-02-25 15:12:17'),
(748, 'tabo', 109, 1, 1, '2023-02-25 15:12:17'),
(749, 'tabo', 110, 1, 1, '2023-02-25 15:12:17'),
(750, 'tabo', 111, 1, 1, '2023-02-25 15:12:17'),
(751, 'tabo', 122, 1, 1, '2023-02-25 15:12:17'),
(752, 'tabo', 123, 1, 1, '2023-02-25 15:12:17'),
(753, 'tabo', 124, 1, 1, '2023-02-25 15:12:17'),
(754, 'tabo', 125, 1, 1, '2023-02-25 15:12:17'),
(755, 'tabo', 126, 1, 1, '2023-02-25 15:12:17'),
(756, 'tabo', 127, 1, 1, '2023-02-25 15:12:17'),
(757, 'tabo', 128, 1, 1, '2023-02-25 15:12:17'),
(758, 'tabo', 130, 1, 1, '2023-02-25 15:12:17'),
(759, 'tabo', 131, 1, 1, '2023-02-25 15:12:17'),
(760, 'tabo', 129, 1, 1, '2023-02-25 15:12:17'),
(761, 'zigusmicia', 101, 1, 7, '2023-02-25 15:12:43'),
(762, 'zigusmicia', 102, 1, 7, '2023-02-25 15:12:43'),
(763, 'zigusmicia', 103, 1, 7, '2023-02-25 15:12:43'),
(764, 'zigusmicia', 104, 1, 7, '2023-02-25 15:12:43'),
(765, 'zigusmicia', 105, 1, 7, '2023-02-25 15:12:43'),
(766, 'zigusmicia', 106, 1, 7, '2023-02-25 15:12:43'),
(767, 'zigusmicia', 107, 1, 7, '2023-02-25 15:12:43'),
(768, 'zigusmicia', 108, 1, 7, '2023-02-25 15:12:43'),
(769, 'zigusmicia', 109, 1, 7, '2023-02-25 15:12:43'),
(770, 'zigusmicia', 110, 1, 7, '2023-02-25 15:12:43'),
(771, 'zigusmicia', 111, 1, 7, '2023-02-25 15:12:43'),
(772, 'zigusmicia', 122, 1, 7, '2023-02-25 15:12:43'),
(773, 'zigusmicia', 123, 1, 7, '2023-02-25 15:12:43'),
(774, 'zigusmicia', 124, 1, 7, '2023-02-25 15:12:43'),
(775, 'zigusmicia', 125, 1, 7, '2023-02-25 15:12:43'),
(776, 'zigusmicia', 126, 1, 7, '2023-02-25 15:12:43'),
(777, 'zigusmicia', 127, 1, 7, '2023-02-25 15:12:43'),
(778, 'zigusmicia', 128, 1, 7, '2023-02-25 15:12:43'),
(779, 'zigusmicia', 130, 1, 7, '2023-02-25 15:12:43'),
(780, 'zigusmicia', 131, 1, 7, '2023-02-25 15:12:43'),
(781, 'zigusmicia', 129, 1, 7, '2023-02-25 15:12:43');

-- --------------------------------------------------------

--
-- Table structure for table `piloti`
--

CREATE TABLE `piloti` (
  `pk` bigint NOT NULL,
  `nome` varchar(32) NOT NULL,
  `cognome` varchar(32) NOT NULL
) ENGINE=InnoDB DEFAULT CHARSET=utf8mb3 COMMENT='anagrafica dei piloti';

--
-- Dumping data for table `piloti`
--

INSERT INTO `piloti` (`pk`, `nome`, `cognome`) VALUES
(1, 'Daniel', 'Pedrosa'),
(2, 'Marc', 'Marquez'),
(3, 'Bradley', 'Smith'),
(4, 'Pol', 'Espargaro'),
(5, 'Jorge', 'Lorenzo'),
(6, 'Andrea', 'Dovizioso'),
(7, 'Maverick', 'Vinales'),
(8, 'Valentino', 'Rossi'),
(9, 'Cal', 'Crutchlow'),
(10, 'Takaaki', 'Nakagami'),
(11, 'Jack', 'Miller'),
(12, 'Danilo', 'Petrucci'),
(13, 'Tito', 'Rabat'),
(14, 'Xavier', 'Simeon'),
(15, 'Johann', 'Zarco'),
(16, 'Hafizh', 'Syahrin'),
(17, 'Andrea', 'Iannone'),
(18, 'Alex', 'Rins'),
(19, 'Aleix', 'Espargaro'),
(20, 'Scott', 'Redding'),
(21, 'Alvaro', 'Bautista'),
(22, 'Karel', 'Abraham'),
(23, 'Franco', 'Morbidelli'),
(24, 'Thomas', 'Luthi'),
(25, 'Fabio', 'Quartararo'),
(26, 'Joan', 'Mir'),
(27, 'Francesco', 'Bagnaia'),
(28, 'Miguel', 'Oliveira'),
(29, 'Iker', 'Lecuona'),
(30, 'Brad', 'Binder'),
(31, 'Alex', 'Marquez'),
(32, 'Luca', 'Marini'),
(33, 'Enea', 'Bastianini'),
(34, 'Lorenzo', 'Salvadori'),
(35, 'Jeorge', 'Martin'),
(36, 'Darryn', 'Binder'),
(37, 'Marco', 'Bezzecchi'),
(38, 'Fabio', 'Di Giannantonio'),
(39, 'Raul', 'Fernandez'),
(40, 'Remy', 'Gardner'),
(41, 'Augusto', 'Fernandez');

-- --------------------------------------------------------

--
-- Table structure for table `piloti_campionato`
--

CREATE TABLE `piloti_campionato` (
  `pk` bigint NOT NULL,
  `fk_campionato` bigint NOT NULL COMMENT 'campionato di riferimento',
  `fk_pilota` bigint NOT NULL COMMENT 'pilota',
  `fk_scuderia` bigint NOT NULL COMMENT 'scuderia'
) ENGINE=InnoDB DEFAULT CHARSET=utf8mb3;

--
-- Dumping data for table `piloti_campionato`
--

INSERT INTO `piloti_campionato` (`pk`, `fk_campionato`, `fk_pilota`, `fk_scuderia`) VALUES
(1, 1, 1, 1),
(2, 1, 2, 1),
(3, 1, 3, 2),
(4, 1, 4, 2),
(5, 1, 5, 3),
(6, 1, 6, 3),
(7, 1, 7, 4),
(8, 1, 8, 4),
(9, 1, 9, 5),
(10, 1, 10, 5),
(11, 1, 11, 6),
(12, 1, 12, 6),
(13, 1, 13, 7),
(14, 1, 14, 7),
(15, 1, 15, 8),
(16, 1, 16, 8),
(17, 1, 17, 9),
(18, 1, 18, 9),
(19, 1, 19, 10),
(20, 1, 20, 10),
(21, 1, 21, 11),
(22, 1, 22, 11),
(23, 1, 23, 12),
(24, 1, 24, 12),
(32, 2, 2, 1),
(33, 2, 6, 3),
(34, 2, 15, 2),
(35, 2, 12, 3),
(37, 2, 7, 4),
(38, 1, 22, 7),
(39, 2, 22, 7),
(40, 2, 25, 13),
(41, 2, 23, 13),
(42, 2, 17, 10),
(43, 2, 10, 5),
(44, 2, 9, 5),
(45, 2, 26, 9),
(46, 2, 19, 10),
(47, 2, 18, 9),
(48, 2, 11, 14),
(49, 2, 4, 2),
(50, 2, 8, 4),
(51, 2, 13, 7),
(52, 2, 16, 15),
(53, 2, 27, 14),
(54, 2, 28, 15),
(55, 2, 5, 1),
(56, 3, 6, 3),
(57, 3, 15, 7),
(58, 3, 12, 3),
(59, 3, 7, 4),
(60, 3, 25, 13),
(61, 3, 23, 13),
(62, 3, 29, 15),
(63, 3, 17, 10),
(64, 3, 10, 5),
(65, 3, 30, 2),
(66, 3, 9, 5),
(67, 3, 26, 9),
(68, 3, 19, 10),
(69, 3, 18, 9),
(70, 3, 11, 16),
(71, 3, 4, 2),
(72, 3, 8, 4),
(73, 3, 13, 7),
(74, 3, 27, 16),
(75, 3, 31, 1),
(76, 3, 28, 15),
(77, 3, 2, 1),
(78, 4, 15, 16),
(79, 4, 12, 15),
(80, 4, 32, 17),
(81, 4, 7, 4),
(82, 4, 25, 4),
(83, 4, 23, 13),
(84, 4, 33, 17),
(85, 4, 10, 18),
(86, 4, 29, 15),
(87, 4, 34, 10),
(88, 4, 30, 2),
(89, 4, 26, 9),
(90, 4, 3, 19),
(91, 4, 31, 5),
(92, 4, 19, 10),
(93, 4, 18, 9),
(94, 4, 11, 20),
(95, 4, 4, 1),
(96, 4, 8, 13),
(97, 4, 27, 20),
(98, 4, 28, 2),
(99, 4, 35, 16),
(100, 4, 2, 1),
(101, 5, 6, 21),
(102, 5, 36, 21),
(103, 5, 15, 16),
(104, 5, 35, 16),
(105, 5, 32, 22),
(106, 5, 37, 22),
(107, 5, 7, 10),
(108, 5, 19, 10),
(109, 5, 25, 4),
(110, 5, 23, 4),
(111, 5, 33, 23),
(112, 5, 38, 23),
(113, 5, 39, 24),
(114, 5, 40, 24),
(115, 5, 18, 9),
(116, 5, 11, 20),
(117, 5, 26, 9),
(118, 5, 30, 2),
(119, 5, 10, 18),
(120, 5, 31, 5),
(121, 5, 4, 1),
(122, 5, 2, 1),
(123, 5, 27, 20),
(124, 5, 28, 2),
(145, 6, 27, 20),
(146, 6, 15, 16),
(147, 6, 32, 22),
(148, 6, 7, 10),
(149, 6, 25, 4),
(150, 6, 23, 4),
(151, 6, 33, 20),
(152, 6, 39, 25),
(153, 6, 10, 18),
(154, 6, 30, 2),
(155, 6, 26, 1),
(156, 6, 41, 26),
(157, 6, 19, 10),
(158, 6, 18, 5),
(159, 6, 11, 2),
(160, 6, 4, 26),
(161, 6, 38, 23),
(162, 6, 37, 22),
(163, 6, 31, 23),
(164, 6, 28, 25),
(165, 6, 35, 16),
(166, 6, 2, 1);

-- --------------------------------------------------------

--
-- Table structure for table `regolamenti`
--

CREATE TABLE `regolamenti` (
  `pk` bigint NOT NULL,
  `fk_campionato` bigint NOT NULL,
  `nome_doc` varchar(64) NOT NULL COMMENT 'nome del documento'
) ENGINE=InnoDB DEFAULT CHARSET=utf8mb3;

--
-- Dumping data for table `regolamenti`
--

INSERT INTO `regolamenti` (`pk`, `fk_campionato`, `nome_doc`) VALUES
(1, 1, 'regolamento2018.php'),
(2, 2, 'regolamento2019.php'),
(3, 3, 'regolamento2020.php'),
(4, 4, 'regolamento2021.php'),
(5, 5, 'regolamento2022.php'),
(6, 6, 'regolamento2023.php');

-- --------------------------------------------------------

--
-- Table structure for table `risultatimotogp`
--

CREATE TABLE `risultatimotogp` (
  `pk` int NOT NULL,
  `fk_campionato` bigint NOT NULL,
  `fk_gara` bigint NOT NULL,
  `fk_pilota` bigint NOT NULL,
  `nome_pilota` varchar(32) CHARACTER SET utf8 COLLATE utf8_general_ci NOT NULL,
  `cognome_pilota` varchar(32) CHARACTER SET utf8 COLLATE utf8_general_ci NOT NULL,
  `punti_qualifica` int NOT NULL COMMENT 'punti effettuati in qualifica',
  `punti_gara` int NOT NULL COMMENT 'punti effettuati in gara'
) ENGINE=InnoDB DEFAULT CHARSET=utf8mb3 COMMENT='Tabella risultati gare Moto GP';

--
-- Dumping data for table `risultatimotogp`
--

INSERT INTO `risultatimotogp` (`pk`, `fk_campionato`, `fk_gara`, `fk_pilota`, `nome_pilota`, `cognome_pilota`, `punti_qualifica`, `punti_gara`) VALUES
(1, 4, 1, 15, 'Johann', 'Zarco', 20, 20),
(2, 4, 1, 12, 'Danilo', 'Petrucci', 18, 19),
(3, 4, 1, 32, 'Luca', 'Marini', 17, 12),
(4, 4, 1, 7, 'Maverick', 'Vinales', 25, 5),
(5, 4, 1, 25, 'Fabio', 'Quartararo', 20, 20),
(6, 4, 1, 23, 'Franco', 'Morbidelli', 20, 20),
(7, 4, 1, 33, 'Enea', 'Bastianini', 20, 20),
(8, 4, 1, 10, 'Takaaki', 'Nakagami', 20, 20),
(9, 4, 1, 29, 'Iker', 'Lecuona', 20, 20),
(10, 4, 1, 34, 'Lorenzo', 'Salvadori', 20, 20),
(11, 4, 1, 30, 'Brad', 'Binder', 20, 20),
(12, 4, 1, 26, 'Joan', 'Mir', 20, 20),
(13, 4, 1, 3, 'Bradley', 'Smith', 20, 20),
(14, 4, 1, 31, 'Alex', 'Marquez', 20, 20),
(15, 4, 1, 19, 'Aleix', 'Espargaro', 20, 20),
(16, 4, 1, 18, 'Alex', 'Rins', 20, 20),
(17, 4, 1, 11, 'Jack', 'Miller', 20, 20),
(18, 4, 1, 4, 'Pol', 'Espargaro', 20, 20),
(19, 4, 1, 8, 'Valentino', 'Rossi', 20, 20),
(20, 4, 1, 27, 'Francesco', 'Bagnaia', 20, 20),
(21, 4, 1, 28, 'Miguel', 'Oliveira', 20, 20),
(22, 4, 1, 35, 'Jeorge', 'Martin', 20, 20),
(23, 4, 1, 2, 'Marc', 'Marquez', 20, 20);

-- --------------------------------------------------------

--
-- Table structure for table `ruoli`
--

CREATE TABLE `ruoli` (
  `pk_ruolo` bigint NOT NULL COMMENT 'primary key',
  `descr` varchar(32) NOT NULL COMMENT 'description'
) ENGINE=InnoDB DEFAULT CHARSET=utf8mb3;

--
-- Dumping data for table `ruoli`
--

INSERT INTO `ruoli` (`pk_ruolo`, `descr`) VALUES
(1, 'ADMIN'),
(2, 'PAR');

-- --------------------------------------------------------

--
-- Table structure for table `schieramenti`
--

CREATE TABLE `schieramenti` (
  `pk` bigint NOT NULL,
  `fk_campionato` bigint NOT NULL,
  `fk_gara` bigint NOT NULL,
  `id_utente` varchar(10) CHARACTER SET utf8 COLLATE utf8_general_ci NOT NULL,
  `fk_pilota_gara` bigint NOT NULL,
  `fk_pilota_qualifica` bigint NOT NULL,
  `data_ora_ins` timestamp NOT NULL DEFAULT CURRENT_TIMESTAMP
) ENGINE=InnoDB DEFAULT CHARSET=utf8mb3 COMMENT='Tabella schieramenti' ROW_FORMAT=COMPACT;

--
-- Dumping data for table `schieramenti`
--

INSERT INTO `schieramenti` (`pk`, `fk_campionato`, `fk_gara`, `id_utente`, `fk_pilota_gara`, `fk_pilota_qualifica`, `data_ora_ins`) VALUES
(18, 4, 1, 'alessio', 35, 11, '2021-03-26 22:27:27'),
(19, 4, 1, 'gianmarco', 18, 19, '2021-03-26 22:28:06'),
(20, 4, 1, 'kristian', 23, 27, '2021-03-26 23:44:54'),
(21, 4, 1, 'tabo', 31, 15, '2021-03-26 23:46:27'),
(22, 4, 1, 'Michele', 8, 12, '2021-03-27 05:31:33'),
(23, 4, 1, 'giorgio', 30, 32, '2021-03-27 06:43:49'),
(24, 4, 1, 'giovanni', 28, 34, '2021-03-27 06:51:11'),
(25, 4, 27, 'gianmarco', 18, 19, '2021-04-02 18:32:01'),
(26, 4, 27, 'alessio', 11, 35, '2021-04-02 18:32:34'),
(27, 4, 27, 'kristian', 23, 27, '2021-04-02 18:47:12'),
(28, 4, 27, 'giorgio', 30, 25, '2021-04-02 20:32:49'),
(29, 4, 27, 'tabo', 26, 15, '2021-04-02 21:04:45'),
(30, 4, 28, 'kristian', 23, 27, '2021-04-16 13:55:58'),
(31, 4, 28, 'michele', 12, 29, '2021-04-16 17:04:29'),
(32, 4, 28, 'alessio', 10, 35, '2021-04-16 17:09:13'),
(33, 4, 28, 'gianmarco', 18, 19, '2021-04-16 18:16:22'),
(34, 4, 28, 'giorgio', 25, 32, '2021-04-16 18:20:56'),
(35, 4, 28, 'tabo', 31, 26, '2021-04-16 20:38:15'),
(36, 4, 4, 'giorgio', 25, 30, '2021-04-30 10:07:58'),
(37, 4, 4, 'gianmarco', 18, 19, '2021-04-30 12:39:13'),
(38, 4, 4, 'kristian', 23, 27, '2021-04-30 12:58:21'),
(39, 4, 4, 'tabo', 31, 15, '2021-04-30 15:52:26'),
(40, 4, 4, 'giovanni', 2, 28, '2021-04-30 15:57:16'),
(41, 4, 4, 'alessio', 11, 10, '2021-04-30 16:57:38'),
(42, 4, 4, 'michele', 8, 29, '2021-04-30 21:23:39'),
(43, 4, 29, 'giorgio', 30, 25, '2021-05-14 07:40:44'),
(44, 4, 29, 'gianmarco', 18, 4, '2021-05-14 18:08:49'),
(45, 4, 29, 'alessio', 11, 10, '2021-05-14 18:21:07'),
(46, 4, 29, 'tabo', 31, 15, '2021-05-14 21:15:08'),
(47, 4, 29, 'kristian', 23, 27, '2021-05-14 21:16:53'),
(48, 4, 6, 'giovanni', 2, 34, '2021-05-28 07:31:43'),
(49, 4, 6, 'giorgio', 25, 32, '2021-05-28 09:27:11'),
(50, 4, 6, 'alessio', 11, 10, '2021-05-28 11:22:24'),
(51, 4, 6, 'kristian', 27, 23, '2021-05-28 13:27:18'),
(52, 4, 6, 'gianmarco', 19, 18, '2021-05-28 15:07:01'),
(53, 4, 6, 'tabo', 15, 31, '2021-05-28 20:37:55'),
(54, 4, 7, 'giorgio', 25, 30, '2021-06-04 09:22:45'),
(55, 4, 7, 'gianmarco', 4, 19, '2021-06-04 09:45:51'),
(56, 4, 7, 'michele', 12, 8, '2021-06-04 09:56:29'),
(57, 4, 7, 'alessio', 11, 10, '2021-06-04 17:13:42'),
(58, 4, 7, 'kristian', 27, 23, '2021-06-04 17:17:46'),
(59, 4, 7, 'giovanni', 2, 34, '2021-06-04 18:21:41'),
(60, 4, 7, 'tabo', 31, 15, '2021-06-04 21:07:28'),
(61, 4, 9, 'giorgio', 25, 30, '2021-06-18 10:03:23'),
(62, 4, 9, 'alessio', 35, 10, '2021-06-18 17:56:34'),
(63, 4, 9, 'kristian', 27, 23, '2021-06-18 17:58:59'),
(64, 4, 9, 'gianmarco', 18, 19, '2021-06-18 17:59:02'),
(65, 4, 9, 'giovanni', 2, 28, '2021-06-18 19:20:26'),
(66, 4, 9, 'tabo', 26, 31, '2021-06-18 20:50:24'),
(67, 4, 9, 'michele', 29, 12, '2021-06-18 20:53:16'),
(68, 4, 8, 'giorgio', 25, 32, '2021-06-25 07:31:26'),
(69, 4, 8, 'kristian', 33, 27, '2021-06-25 08:36:10'),
(70, 4, 8, 'alessio', 11, 10, '2021-06-25 10:51:20'),
(71, 4, 8, 'tabo', 26, 31, '2021-06-25 17:46:21'),
(72, 4, 8, 'gianmarco', 19, 18, '2021-06-25 18:40:55'),
(73, 4, 8, 'michele', 8, 29, '2021-06-25 21:15:05'),
(74, 4, 8, 'giovanni', 2, 34, '2021-06-25 21:16:28'),
(75, 4, 22, 'kristian', 33, 27, '2021-08-06 09:22:21'),
(76, 4, 22, 'giorgio', 25, 32, '2021-08-06 09:30:30'),
(77, 4, 22, 'tabo', 26, 15, '2021-08-06 13:19:06'),
(78, 4, 22, 'gianmarco', 19, 18, '2021-08-06 13:57:57'),
(79, 4, 22, 'alessio', 10, 35, '2021-08-06 16:50:50'),
(80, 4, 11, 'alessio', 11, 35, '2021-08-13 16:53:58'),
(81, 4, 11, 'giorgio', 30, 32, '2021-08-13 18:01:57'),
(82, 4, 11, 'gianmarco', 18, 19, '2021-08-13 18:07:00'),
(83, 4, 11, 'tabo', 26, 15, '2021-08-13 18:14:19'),
(84, 4, 12, 'kristian', 33, 27, '2021-08-27 11:02:33'),
(85, 4, 12, 'giorgio', 25, 30, '2021-08-27 11:05:11'),
(86, 4, 12, 'alessio', 11, 35, '2021-08-27 14:00:05'),
(87, 4, 12, 'tabo', 26, 15, '2021-08-27 17:41:27'),
(88, 4, 12, 'gianmarco', 19, 4, '2021-08-27 18:00:13'),
(89, 4, 14, 'alessio', 10, 35, '2021-09-10 09:18:31'),
(90, 4, 14, 'giorgio', 25, 30, '2021-09-10 09:24:00'),
(91, 4, 14, 'tabo', 26, 15, '2021-09-10 16:39:13'),
(92, 4, 14, 'kristian', 33, 27, '2021-09-10 16:40:31'),
(93, 4, 14, 'gianmarco', 4, 19, '2021-09-10 17:20:36'),
(94, 4, 14, 'giovanni', 2, 34, '2021-09-10 17:35:39'),
(95, 4, 13, 'alessio', 11, 35, '2021-09-17 16:48:10'),
(96, 4, 13, 'giorgio', 30, 32, '2021-09-17 17:56:32'),
(97, 4, 13, 'kristian', 27, 23, '2021-09-17 17:57:21'),
(98, 4, 13, 'gianmarco', 18, 19, '2021-09-17 19:11:07'),
(99, 4, 13, 'tabo', 26, 15, '2021-09-17 19:28:54'),
(100, 4, 3, 'alessio', 11, 35, '2021-10-01 10:52:56'),
(101, 4, 3, 'giorgio', 25, 30, '2021-10-01 10:53:55'),
(103, 4, 3, 'gianmarco', 4, 18, '2021-10-01 20:24:48'),
(104, 4, 3, 'tabo', 26, 15, '2021-10-01 20:27:22'),
(105, 4, 23, 'alessio', 10, 35, '2021-10-22 06:56:10'),
(106, 4, 23, 'tabo', 26, 15, '2021-10-22 16:29:17'),
(107, 4, 23, 'giorgio', 25, 30, '2021-10-22 17:34:29'),
(108, 4, 23, 'kristian', 33, 27, '2021-10-22 17:35:17'),
(109, 4, 23, 'gianmarco', 19, 18, '2021-10-22 18:47:15'),
(110, 4, 30, 'kristian', 27, 33, '2021-11-05 12:11:25'),
(111, 4, 30, 'giorgio', 30, 25, '2021-11-05 12:12:40'),
(112, 4, 30, 'Alessio', 11, 10, '2021-11-05 12:19:18'),
(113, 4, 30, 'gianmarco', 19, 4, '2021-11-05 19:14:29'),
(114, 4, 30, 'tabo', 26, 31, '2021-11-05 19:15:13'),
(117, 4, 19, 'Alessio', 11, 35, '2021-11-12 09:46:07'),
(118, 4, 19, 'giorgio', 25, 30, '2021-11-12 09:48:22'),
(119, 4, 19, 'kristian', 33, 23, '2021-11-12 17:44:40'),
(120, 4, 19, 'tabo', 26, 15, '2021-11-12 17:55:51'),
(121, 4, 19, 'gianmarco', 18, 19, '2021-11-12 19:12:40'),
(122, 5, 1, 'Alessio', 26, 30, '2022-03-04 12:31:04'),
(123, 5, 1, 'giorgio', 27, 18, '2022-03-04 12:37:50'),
(124, 5, 1, 'gianmarco', 25, 19, '2022-03-04 12:49:32'),
(125, 5, 1, 'Zigusmicia', 7, 2, '2022-03-04 13:11:07'),
(126, 5, 1, 'kristian', 33, 23, '2022-03-04 16:42:21'),
(127, 5, 1, 'tabo', 36, 35, '2022-03-04 20:48:34'),
(128, 5, 1, 'Michele', 11, 4, '2022-03-04 20:54:12'),
(129, 5, 31, 'kristian', 33, 23, '2022-03-18 07:49:56'),
(130, 5, 31, 'giorgio', 18, 6, '2022-03-18 10:23:58'),
(131, 5, 31, 'Alessio', 26, 30, '2022-03-18 12:29:57'),
(132, 5, 31, 'gianmarco', 19, 25, '2022-03-18 13:10:48'),
(133, 5, 31, 'tabo', 38, 36, '2022-03-18 19:22:35'),
(134, 5, 31, 'Zigusmicia', 37, 7, '2022-03-18 19:44:00'),
(135, 5, 31, 'michele', 11, 40, '2022-03-18 19:47:07'),
(136, 5, 32, 'giorgio', 18, 6, '2022-04-02 11:24:55'),
(137, 5, 32, 'gianmarco', 19, 25, '2022-04-02 16:51:58'),
(138, 5, 32, 'michele', 11, 4, '2022-04-02 16:53:12'),
(139, 5, 32, 'Zigusmicia', 37, 7, '2022-04-02 17:04:39'),
(140, 5, 32, 'Alessio', 26, 30, '2022-04-02 17:07:17'),
(141, 5, 32, 'tabo', 36, 35, '2022-04-02 18:17:48'),
(142, 5, 3, 'giorgio', 18, 27, '2022-04-08 21:10:49'),
(143, 5, 3, 'gianmarco', 19, 25, '2022-04-08 21:40:01'),
(144, 5, 3, 'michele', 11, 4, '2022-04-08 22:27:41'),
(145, 5, 3, 'tabo', 36, 38, '2022-04-09 00:03:16'),
(146, 5, 3, 'kristian', 33, 32, '2022-04-09 07:08:35'),
(147, 5, 28, 'Alessio', 39, 26, '2022-04-22 17:02:34'),
(148, 5, 28, 'gianmarco', 25, 31, '2022-04-22 18:00:20'),
(149, 5, 28, 'giorgio', 18, 27, '2022-04-22 18:23:41'),
(150, 5, 28, 'zigusmicia', 7, 2, '2022-04-22 18:28:59'),
(151, 5, 28, 'michele', 11, 4, '2022-04-22 18:30:26'),
(152, 5, 4, 'Alessio', 26, 30, '2022-04-29 16:56:21'),
(153, 5, 4, 'giorgio', 18, 6, '2022-04-29 17:50:05'),
(154, 5, 4, 'gianmarco', 19, 25, '2022-04-29 18:24:31'),
(155, 5, 4, 'tabo', 36, 35, '2022-04-29 19:06:52'),
(156, 5, 4, 'kristian', 23, 33, '2022-04-29 21:51:27'),
(157, 5, 4, 'Zigusmicia', 2, 7, '2022-04-29 21:52:12'),
(158, 5, 5, 'kristian', 23, 33, '2022-05-13 18:24:46'),
(159, 5, 5, 'giorgio', 27, 18, '2022-05-13 18:25:04'),
(160, 5, 5, 'tabo', 36, 35, '2022-05-13 18:26:08'),
(161, 5, 5, 'gianmarco', 25, 19, '2022-05-13 18:26:48'),
(162, 5, 5, 'alessio', 39, 30, '2022-05-13 18:27:46'),
(163, 5, 6, 'Alessio', 39, 30, '2022-05-27 17:21:51'),
(164, 5, 6, 'gianmarco', 25, 19, '2022-05-27 17:23:21'),
(165, 5, 6, 'giorgio', 6, 18, '2022-05-27 17:35:11'),
(166, 5, 6, 'tabo', 36, 38, '2022-05-27 17:41:50'),
(167, 5, 6, 'Zigusmicia', 2, 37, '2022-05-27 17:49:45'),
(168, 5, 6, 'michele', 11, 4, '2022-05-27 21:06:11'),
(169, 5, 7, 'giorgio', 27, 18, '2022-06-03 10:22:04'),
(170, 5, 7, 'Alessio', 26, 39, '2022-06-03 10:23:16'),
(171, 5, 7, 'kristian', 33, 23, '2022-06-03 13:03:08'),
(172, 5, 7, 'tabo', 38, 35, '2022-06-03 13:16:24'),
(173, 5, 7, 'gianmarco', 25, 19, '2022-06-03 13:17:58'),
(174, 5, 7, 'michele', 4, 40, '2022-06-03 20:06:36'),
(175, 5, 7, 'Zigusmicia', 37, 7, '2022-06-03 20:24:48'),
(176, 5, 9, 'Zigusmicia', 37, 7, '2022-06-17 18:55:50'),
(177, 5, 9, 'Alessio', 26, 39, '2022-06-17 19:08:22'),
(178, 5, 9, 'kristian', 33, 32, '2022-06-17 19:09:27'),
(179, 5, 9, 'gianmarco', 25, 19, '2022-06-17 19:10:06'),
(180, 5, 9, 'giorgio', 27, 6, '2022-06-17 19:18:15'),
(181, 5, 9, 'tabo', 38, 35, '2022-06-17 20:25:44'),
(182, 5, 9, 'michele', 11, 4, '2022-06-17 21:11:04'),
(183, 5, 8, 'Alessio', 30, 26, '2022-06-24 14:13:53'),
(184, 5, 8, 'gianmarco', 25, 19, '2022-06-24 14:32:16'),
(185, 5, 8, 'Zigusmicia', 37, 7, '2022-06-24 14:37:14'),
(186, 5, 8, 'giorgio', 27, 18, '2022-06-24 17:38:20'),
(187, 5, 8, 'tabo', 38, 35, '2022-06-24 19:51:27'),
(188, 5, 8, 'kristian', 33, 32, '2022-06-24 21:23:37'),
(189, 5, 8, 'michele', 11, 4, '2022-06-24 21:24:21'),
(190, 5, 33, 'gianmarco', 25, 19, '2022-08-05 14:15:26'),
(191, 5, 33, 'tabo', 38, 35, '2022-08-05 14:16:04'),
(192, 5, 33, 'giorgio', 27, 18, '2022-08-05 14:24:25'),
(193, 5, 33, 'Zigusmicia', 37, 7, '2022-08-05 14:26:22'),
(194, 5, 33, 'Alessio', 26, 30, '2022-08-05 20:23:20'),
(195, 5, 33, 'kristian', 32, 33, '2022-08-05 20:34:29'),
(196, 5, 11, 'tabo', 38, 35, '2022-08-19 15:49:54'),
(197, 5, 11, 'gianmarco', 19, 25, '2022-08-19 15:51:38'),
(198, 5, 11, 'giorgio', 27, 18, '2022-08-19 16:21:08'),
(199, 5, 11, 'Zigusmicia', 7, 37, '2022-08-19 16:25:29'),
(200, 5, 11, 'Alessio', 30, 39, '2022-08-19 19:00:36'),
(201, 5, 11, 'kristian', 33, 32, '2022-08-19 21:32:08'),
(202, 5, 13, 'Alessio', 30, 39, '2022-09-02 11:59:33'),
(203, 5, 13, 'giorgio', 27, 18, '2022-09-02 13:02:01'),
(204, 5, 13, 'gianmarco', 19, 25, '2022-09-02 13:47:04'),
(205, 5, 13, 'Zigusmicia', 37, 7, '2022-09-02 14:49:14'),
(206, 5, 34, 'tabo', 38, 35, '2022-09-16 14:10:29'),
(207, 5, 34, 'giorgio', 27, 18, '2022-09-16 14:10:58'),
(208, 5, 34, 'Zigusmicia', 7, 2, '2022-09-16 14:14:23'),
(209, 5, 34, 'kristian', 33, 32, '2022-09-16 14:23:38'),
(210, 5, 34, 'gianmarco', 19, 25, '2022-09-16 14:26:45'),
(211, 5, 34, 'Alessio', 30, 39, '2022-09-16 20:16:53'),
(212, 5, 16, 'Alessio', 26, 30, '2022-09-23 18:19:09'),
(213, 5, 16, 'kristian', 32, 33, '2022-09-23 18:39:30'),
(214, 5, 16, 'tabo', 38, 35, '2022-09-23 18:40:05'),
(215, 5, 16, 'giorgio', 27, 18, '2022-09-23 19:03:36'),
(216, 5, 16, 'gianmarco', 25, 19, '2022-09-23 19:05:01'),
(217, 5, 15, 'tabo', 38, 35, '2022-09-30 16:18:28'),
(218, 5, 15, 'gianmarco', 31, 25, '2022-09-30 16:54:35'),
(219, 5, 15, 'giorgio', 27, 18, '2022-09-30 16:57:20'),
(220, 5, 15, 'kristian', 32, 23, '2022-09-30 17:02:20'),
(221, 5, 15, 'Alessio', 30, 39, '2022-09-30 17:41:00'),
(222, 5, 17, 'tabo', 38, 35, '2022-10-14 13:59:02'),
(223, 5, 17, 'giorgio', 27, 18, '2022-10-14 14:16:15'),
(224, 5, 17, 'Alessio', 30, 39, '2022-10-14 17:25:02'),
(225, 5, 17, 'gianmarco', 31, 19, '2022-10-14 17:32:31'),
(226, 5, 17, 'kristian', 32, 33, '2022-10-14 18:01:48'),
(227, 5, 18, 'gianmarco', 19, 31, '2022-10-21 17:01:41'),
(228, 5, 18, 'Alessio', 26, 30, '2022-10-21 17:16:04'),
(229, 5, 18, 'giorgio', 27, 18, '2022-10-21 17:24:18'),
(230, 5, 18, 'tabo', 38, 35, '2022-10-21 19:18:36'),
(231, 5, 19, 'gianmarco', 31, 19, '2022-11-04 13:17:01'),
(232, 5, 19, 'tabo', 38, 35, '2022-11-04 17:21:41'),
(233, 5, 19, 'kristian', 33, 32, '2022-11-04 17:22:16'),
(234, 5, 19, 'Alessio', 30, 26, '2022-11-04 18:00:49'),
(235, 5, 19, 'giorgio', 27, 18, '2022-11-04 18:47:03'),
(236, 6, 28, 'tabo', 11, 35, '2023-03-24 17:43:11'),
(237, 6, 28, 'giorgio', 15, 19, '2023-03-24 17:46:43'),
(238, 6, 28, 'Alessio', 31, 2, '2023-03-24 17:57:13'),
(239, 6, 28, 'gianmarco', 18, 25, '2023-03-24 18:17:43'),
(240, 6, 28, 'Zigusmicia', 33, 28, '2023-03-24 21:32:12'),
(241, 6, 28, 'kristian', 32, 7, '2023-03-24 21:36:45'),
(242, 6, 28, 'michele', 27, 23, '2023-03-24 21:41:04');

-- --------------------------------------------------------

--
-- Table structure for table `scommesse`
--

CREATE TABLE `scommesse` (
  `pk` bigint NOT NULL,
  `fk_campionato` bigint NOT NULL,
  `idutente` varchar(10) NOT NULL,
  `fk_gara` bigint NOT NULL,
  `fk_pilota` bigint NOT NULL,
  `posizione` int NOT NULL COMMENT 'prima posizione',
  `pt` int NOT NULL,
  `data_ora_ins` timestamp NOT NULL DEFAULT CURRENT_TIMESTAMP ON UPDATE CURRENT_TIMESTAMP,
  `esito` tinyint(1) DEFAULT NULL COMMENT 'esito della scommessa: TRUE/FALSE'
) ENGINE=InnoDB DEFAULT CHARSET=utf8mb3;

--
-- Dumping data for table `scommesse`
--

INSERT INTO `scommesse` (`pk`, `fk_campionato`, `idutente`, `fk_gara`, `fk_pilota`, `posizione`, `pt`, `data_ora_ins`, `esito`) VALUES
(22, 1, 'tabo', 15, 6, 1, 30, '2018-10-30 16:06:31', 0),
(23, 1, 'michele', 15, 2, 1, 30, '2018-10-30 16:05:47', 1),
(24, 1, 'giovanni', 15, 10, 10, 30, '2018-10-06 16:16:20', 1),
(25, 1, 'gianmarco', 15, 2, 1, 30, '2018-10-30 16:03:40', 1),
(26, 1, 'alessio', 15, 2, 1, 30, '2018-10-30 16:03:38', 1),
(27, 1, 'tabo', 16, 4, 10, 30, '2018-10-20 10:48:55', 1),
(28, 1, 'kristian', 16, 6, 1, 20, '2018-10-20 10:52:30', 0),
(29, 1, 'michele', 16, 2, 1, 30, '2018-10-30 16:01:45', 1),
(30, 1, 'alessio', 16, 16, 13, 20, '2018-10-20 18:15:39', 0),
(31, 1, 'gianmarco', 16, 6, 1, 30, '2018-10-20 21:16:56', 0),
(32, 1, 'gianmarco', 17, 2, 1, 30, '2018-10-27 14:49:17', 1),
(33, 1, 'tabo', 17, 6, 1, 30, '2018-10-27 17:40:10', 0),
(34, 1, 'alessio', 17, 22, 1, 30, '2018-10-27 14:47:21', 0),
(37, 1, 'gianmarco', 18, 8, 2, 30, '2018-11-03 15:38:02', 0),
(38, 1, 'alessio', 18, 11, 8, 20, '2018-11-03 17:44:04', 0),
(39, 1, 'tabo', 18, 6, 1, 30, '2018-11-03 18:34:23', 0),
(40, 1, 'giovanni', 18, 5, 5, 25, '2018-11-03 20:24:57', 0),
(44, 1, 'tabo', 19, 6, 1, 20, '2018-11-17 18:47:09', 1),
(45, 1, 'tabo', 19, 5, 10, 2, '2018-11-17 18:47:26', 0),
(46, 1, 'tabo', 19, 2, 24, 2, '2018-11-17 19:07:08', 0),
(47, 2, 'alessio', 1, 7, 1, 30, '2019-03-10 18:41:34', 0),
(48, 2, 'michele', 1, 7, 1, 30, '2019-03-10 18:41:37', 0),
(49, 2, 'tabo', 1, 7, 1, 30, '2019-03-10 18:41:40', 0),
(50, 2, 'giovanni', 1, 6, 1, 20, '2019-03-10 18:41:48', 1),
(51, 2, 'kristian', 1, 6, 1, 20, '2019-03-10 18:41:45', 1),
(52, 2, 'gianmarco', 1, 7, 1, 30, '2019-03-10 18:41:42', 0),
(53, 2, 'alessio', 2, 2, 1, 30, '2019-04-01 09:42:35', 1),
(54, 2, 'tabo', 2, 6, 1, 30, '2019-04-12 21:20:54', 0),
(55, 2, 'michele', 2, 6, 2, 20, '2019-04-01 09:43:45', 1),
(56, 2, 'michele', 2, 8, 1, 5, '2019-04-01 09:44:00', 1),
(57, 2, 'giovanni', 2, 2, 1, 20, '2019-04-01 09:43:20', 1),
(58, 2, 'kristian', 2, 2, 1, 30, '2019-04-01 09:43:22', 1),
(59, 2, 'gianmarco', 2, 2, 1, 30, '2019-04-01 09:43:23', 1),
(60, 2, 'giovanni', 3, 2, 1, 15, '2019-05-10 09:14:38', 0),
(61, 2, 'alessio', 3, 2, 1, 30, '2019-05-10 09:14:38', 0),
(62, 2, 'michele', 3, 2, 1, 30, '2019-05-10 09:14:37', 0),
(63, 2, 'kristian', 3, 2, 1, 30, '2019-05-10 09:14:37', 0),
(64, 2, 'gianmarco', 3, 8, 2, 30, '2019-05-10 09:13:35', 1),
(65, 2, 'tabo', 3, 8, 1, 30, '2019-05-10 09:14:35', 1),
(66, 2, 'alessio', 4, 6, 2, 20, '2019-05-10 09:12:15', 0),
(67, 2, 'alessio', 4, 16, 17, 1, '2019-05-10 09:12:16', 0),
(68, 2, 'tabo', 4, 6, 1, 20, '2019-05-10 09:12:17', 0),
(69, 2, 'michele', 4, 6, 3, 20, '2019-05-10 09:12:12', 1),
(70, 2, 'michele', 4, 25, 1, 5, '2019-05-10 09:12:18', 0),
(71, 2, 'gianmarco', 4, 6, 1, 30, '2019-05-10 09:12:19', 0),
(72, 2, 'giovanni', 4, 23, 2, 20, '2019-05-10 09:12:20', 0),
(73, 2, 'kristian', 4, 23, 3, 20, '2019-05-10 09:12:22', 0),
(74, 2, 'michele', 5, 11, 2, 30, '2019-05-18 19:21:49', 0),
(75, 2, 'tabo', 5, 2, 2, 20, '2019-05-18 19:36:59', 0),
(76, 2, 'giovanni', 5, 2, 1, 30, '2019-05-18 19:43:38', 1),
(77, 2, 'alessio', 5, 2, 1, 30, '2019-05-18 20:16:16', 1),
(78, 2, 'gianmarco', 5, 2, 1, 30, '2019-05-18 20:18:34', 1),
(79, 2, 'gianmarco', 6, 6, 2, 30, '2019-06-01 19:55:06', 1),
(80, 2, 'tabo', 6, 2, 1, 30, '2019-06-01 19:55:46', 1),
(81, 2, 'alessio', 6, 12, 3, 5, '2019-06-01 19:09:56', 0),
(82, 2, 'alessio', 6, 11, 4, 5, '2019-06-01 20:12:59', 0),
(83, 2, 'alessio', 6, 16, 18, 1, '2019-06-01 20:13:22', 0),
(84, 2, 'giovanni', 6, 25, 2, 29, '2019-06-01 20:17:50', 0),
(85, 2, 'kristian', 6, 2, 1, 30, '2019-06-01 21:12:06', 1),
(86, 2, 'alessio', 7, 8, 2, 15, '2019-06-15 13:21:42', 0),
(87, 2, 'giovanni', 7, 2, 1, 30, '2019-06-15 13:22:47', 1),
(88, 2, 'tabo', 7, 2, 1, 30, '2019-06-15 13:37:45', 1),
(89, 2, 'michele', 7, 25, 2, 20, '2019-06-15 18:45:23', 1),
(90, 2, 'michele', 7, 6, 1, 10, '2019-06-15 18:45:43', 0),
(91, 2, 'gianmarco', 7, 6, 2, 20, '2019-06-15 20:29:26', 0),
(92, 2, 'kristian', 7, 18, 1, 30, '2019-06-15 20:56:22', 0),
(93, 2, 'michele', 8, 25, 2, 30, '2019-06-29 19:28:12', 1),
(94, 2, 'giovanni', 8, 6, 1, 20, '2019-06-29 19:29:15', 0),
(95, 2, 'alessio', 8, 7, 2, 20, '2019-06-29 19:32:44', 0),
(96, 2, 'tabo', 8, 15, 2, 20, '2019-06-29 19:40:39', 0),
(97, 2, 'gianmarco', 8, 18, 2, 30, '2019-06-29 20:57:03', 0),
(98, 2, 'alessio', 9, 2, 1, 30, '2019-07-06 18:24:12', 1),
(99, 2, 'tabo', 9, 2, 1, 30, '2019-07-06 18:25:13', 1),
(100, 2, 'giovanni', 9, 25, 2, 30, '2019-07-06 21:19:40', 0),
(101, 2, 'kristian', 9, 2, 1, 30, '2019-07-06 21:20:46', 1),
(102, 2, 'gianmarco', 9, 2, 1, 30, '2019-07-06 21:24:56', 1),
(103, 2, 'tabo', 10, 2, 1, 30, '2019-08-03 20:27:06', 1),
(104, 2, 'alessio', 10, 2, 1, 30, '2019-08-03 20:29:00', 1),
(105, 2, 'giovanni', 10, 15, 1, 30, '2019-08-03 20:30:28', 0),
(106, 2, 'gianmarco', 10, 6, 2, 30, '2019-08-03 20:46:40', 1),
(107, 2, 'alessio', 11, 6, 1, 30, '2019-08-10 13:36:21', 1),
(108, 2, 'gianmarco', 11, 6, 2, 30, '2019-08-10 19:21:16', 0),
(109, 2, 'tabo', 11, 6, 1, 30, '2019-08-10 20:09:56', 1),
(110, 2, 'giovanni', 12, 8, 1, 30, '2019-08-24 17:57:12', 0),
(111, 2, 'tabo', 12, 25, 2, 30, '2019-08-24 18:00:13', 0),
(112, 2, 'gianmarco', 12, 8, 2, 30, '2019-08-24 18:22:59', 0),
(113, 2, 'michele', 12, 8, 2, 20, '2019-08-24 18:54:43', 0),
(114, 2, 'alessio', 12, 8, 3, 10, '2019-08-24 18:55:26', 1),
(115, 2, 'michele', 12, 25, 3, 10, '2019-08-24 18:55:30', 0),
(116, 2, 'gianmarco', 14, 2, 1, 30, '2019-09-21 15:30:20', 1),
(117, 2, 'alessio', 14, 7, 2, 15, '2019-09-21 16:55:55', 0),
(118, 2, 'tabo', 14, 25, 1, 20, '2019-09-21 19:21:50', 0),
(119, 2, 'gianmarco', 15, 2, 1, 30, '2019-10-05 17:05:05', 1),
(120, 2, 'Michele', 15, 25, 1, 20, '2019-10-05 17:40:43', 1),
(121, 2, 'Michele', 15, 7, 3, 10, '2019-10-05 17:41:12', 1),
(122, 2, 'kristian', 15, 2, 1, 30, '2019-10-05 18:06:13', 1),
(123, 2, 'tabo', 15, 25, 1, 30, '2019-10-25 08:31:32', 1),
(124, 2, 'alessio', 15, 7, 2, 5, '2019-10-05 18:53:21', 1),
(125, 2, 'kristian', 16, 25, 2, 30, '2019-10-19 07:07:39', 1),
(126, 2, 'alessio', 16, 2, 1, 30, '2019-10-19 07:36:20', 1),
(127, 2, 'gianmarco', 16, 2, 1, 30, '2019-10-19 16:11:01', 1),
(128, 2, 'tabo', 16, 25, 1, 30, '2019-10-19 16:15:35', 1),
(129, 2, 'kristian', 17, 7, 1, 30, '2019-10-26 19:35:38', 0),
(130, 2, 'gianmarco', 17, 7, 2, 30, '2019-10-26 19:41:45', 0),
(131, 2, 'Michele', 17, 2, 1, 15, '2019-10-26 19:53:46', 1),
(132, 2, 'alessio', 17, 7, 1, 15, '2019-10-26 20:51:13', 0),
(133, 2, 'tabo', 17, 7, 1, 30, '2019-10-26 20:54:34', 0),
(134, 2, 'kristian', 18, 25, 1, 30, '2019-11-02 20:59:28', NULL),
(135, 2, 'Michele', 18, 2, 1, 15, '2019-11-02 21:00:40', NULL),
(136, 2, 'gianmarco', 18, 25, 1, 30, '2019-11-02 21:09:00', NULL),
(137, 2, 'tabo', 18, 25, 1, 30, '2019-11-02 21:33:05', NULL),
(138, 2, 'giovanni', 18, 15, 5, 20, '2019-11-02 21:34:05', NULL),
(139, 2, 'alessio', 18, 25, 1, 11, '2019-11-02 22:43:12', NULL),
(140, 2, 'alessio', 19, 25, 1, 30, '2019-11-16 13:56:40', NULL),
(141, 2, 'gianmarco', 19, 6, 3, 30, '2019-11-16 15:41:09', NULL),
(142, 2, 'kristian', 19, 2, 1, 30, '2019-11-16 15:45:02', NULL),
(143, 2, 'tabo', 19, 25, 1, 30, '2019-11-16 16:05:33', NULL),
(144, 2, 'Michele', 19, 2, 1, 30, '2019-11-16 22:09:32', NULL),
(145, 3, 'alessio', 4, 25, 2, 20, '2020-07-20 07:10:11', 0),
(146, 3, 'tabo', 4, 25, 1, 50, '2020-07-20 07:10:15', 1),
(147, 3, 'kristian', 4, 2, 1, 40, '2020-07-20 07:10:21', 0),
(148, 3, 'gianmarco', 4, 7, 2, 30, '2020-07-20 07:10:18', 1),
(149, 3, 'Michele', 4, 25, 1, 30, '2020-07-20 07:10:40', 1),
(150, 3, 'Michele', 4, 8, 6, 10, '2020-07-20 07:10:42', 0),
(151, 3, 'tabo', 21, 7, 1, 50, '2020-07-25 14:26:21', NULL),
(152, 3, 'kristian', 21, 25, 1, 30, '2020-07-25 14:35:48', NULL),
(153, 3, 'alessio', 21, 7, 1, 40, '2020-07-25 14:44:32', NULL),
(154, 3, 'gianmarco', 21, 25, 1, 50, '2020-07-27 19:32:13', NULL),
(155, 3, 'gianmarco', 10, 25, 1, 50, '2020-08-08 15:07:26', NULL),
(156, 3, 'tabo', 10, 25, 1, 25, '2020-08-08 16:26:16', NULL),
(157, 3, 'tabo', 10, 23, 2, 25, '2020-08-08 16:26:36', NULL),
(158, 3, 'alessio', 10, 23, 4, 30, '2020-08-08 16:32:16', NULL),
(159, 3, 'kristian', 10, 25, 1, 15, '2020-08-08 20:22:52', NULL),
(160, 3, 'tabo', 11, 11, 1, 20, '2020-08-15 13:07:43', NULL),
(161, 3, 'alessio', 11, 11, 2, 30, '2020-08-15 14:24:34', NULL),
(162, 3, 'Michele', 11, 7, 2, 15, '2020-08-15 14:28:27', NULL),
(163, 3, 'gianmarco', 11, 7, 1, 30, '2020-08-15 20:40:53', NULL),
(164, 3, 'gianmarco', 11, 6, 2, 20, '2020-08-15 20:41:16', NULL),
(165, 3, 'kristian', 11, 4, 1, 15, '2020-08-15 21:01:33', NULL),
(166, 3, 'alessio', 22, 4, 3, 20, '2020-08-22 16:57:58', NULL),
(167, 3, 'tabo', 22, 6, 1, 30, '2020-08-22 19:27:24', NULL),
(168, 3, 'gianmarco', 22, 6, 2, 30, '2020-08-22 19:28:08', NULL),
(169, 3, 'alessio', 13, 7, 1, 30, '2020-09-12 12:21:19', NULL),
(170, 3, 'tabo', 13, 23, 2, 30, '2020-09-12 15:12:53', NULL),
(171, 3, 'gianmarco', 13, 7, 1, 50, '2020-09-12 19:57:15', NULL),
(172, 3, 'gianmarco', 23, 27, 1, 30, '2020-09-19 21:59:06', NULL),
(173, 3, 'alessio', 7, 23, 2, 30, '2020-09-26 15:57:02', NULL),
(174, 3, 'kristian', 7, 23, 1, 20, '2020-09-26 16:33:29', NULL),
(175, 3, 'tabo', 7, 23, 1, 30, '2020-09-26 19:04:17', NULL),
(176, 3, 'gianmarco', 7, 23, 1, 50, '2020-09-26 19:24:53', NULL),
(177, 3, 'alessio', 5, 25, 1, 15, '2020-10-10 14:17:24', NULL),
(178, 3, 'gianmarco', 5, 25, 1, 15, '2020-10-10 14:44:26', NULL),
(179, 3, 'kristian', 5, 25, 1, 15, '2020-10-10 15:06:12', NULL),
(180, 3, 'tabo', 5, 25, 1, 50, '2020-10-10 20:10:02', NULL),
(181, 3, 'tabo', 14, 7, 2, 50, '2020-10-17 13:51:21', NULL),
(182, 3, 'alessio', 14, 23, 3, 15, '2020-10-17 15:12:06', NULL),
(183, 3, 'gianmarco', 14, 25, 1, 50, '2020-10-17 18:45:44', NULL),
(184, 3, 'alessio', 24, 18, 1, 40, '2020-10-24 11:12:26', NULL),
(185, 3, 'gianmarco', 24, 18, 1, 50, '2020-10-24 18:44:08', NULL),
(186, 3, 'tabo', 24, 18, 2, 15, '2020-10-24 18:45:43', NULL),
(187, 3, 'tabo', 25, 26, 2, 50, '2020-11-07 17:14:16', NULL),
(188, 3, 'gianmarco', 25, 18, 1, 25, '2020-11-07 21:04:29', NULL),
(189, 3, 'gianmarco', 25, 23, 1, 25, '2020-11-07 21:04:44', NULL),
(190, 3, 'alessio', 25, 11, 3, 20, '2020-11-07 21:43:34', NULL),
(191, 3, 'kristian', 25, 18, 1, 40, '2020-11-07 22:17:23', NULL),
(192, 3, 'alessio', 19, 10, 3, 50, '2020-11-14 14:43:38', NULL),
(193, 3, 'gianmarco', 19, 23, 1, 25, '2020-11-14 15:01:53', NULL),
(194, 3, 'gianmarco', 19, 26, 2, 25, '2020-11-14 15:02:19', NULL),
(195, 3, 'tabo', 19, 23, 1, 50, '2020-11-14 15:06:25', NULL),
(196, 3, 'Michele', 19, 23, 2, 50, '2020-11-14 15:26:57', NULL),
(197, 3, 'kristian', 19, 10, 1, 20, '2020-11-14 21:17:33', NULL),
(198, 3, 'alessio', 26, 23, 1, 30, '2020-11-21 18:57:00', NULL),
(199, 3, 'gianmarco', 26, 23, 1, 50, '2020-11-21 19:19:36', NULL),
(200, 3, 'kristian', 26, 28, 1, 20, '2020-11-21 19:37:22', NULL),
(201, 3, 'tabo', 26, 11, 1, 50, '2020-11-21 20:01:13', NULL),
(205, 4, 'alessio', 1, 23, 1, 40, '2021-03-28 20:23:32', 0),
(206, 4, 'kristian', 1, 11, 4, 10, '2021-03-28 20:23:33', 0),
(207, 4, 'tabo', 1, 27, 1, 40, '2021-03-28 20:23:35', 0),
(208, 4, 'giorgio', 1, 25, 1, 15, '2021-03-28 20:23:37', 0),
(209, 4, 'giorgio', 1, 23, 4, 10, '2021-03-28 20:23:38', 0),
(210, 4, 'gianmarco', 1, 25, 1, 40, '2021-03-28 20:23:39', 0),
(211, 4, 'giovanni', 1, 8, 3, 20, '2021-03-28 20:23:40', 0),
(214, 4, 'alessio', 27, 7, 1, 30, '2021-04-07 08:30:49', 0),
(215, 4, 'gianmarco', 27, 15, 1, 20, '2021-04-07 08:30:53', 1),
(216, 4, 'giorgio', 27, 15, 1, 30, '2021-04-07 08:30:54', 1),
(217, 4, 'kristian', 27, 15, 1, 10, '2021-04-07 08:30:55', 1),
(218, 4, 'tabo', 27, 7, 1, 25, '2021-04-07 08:30:51', 0),
(219, 4, 'kristian', 28, 25, 1, 20, '2021-04-27 10:33:18', 1),
(220, 4, 'giorgio', 28, 15, 4, 10, '2021-04-27 10:33:22', 0),
(221, 4, 'alessio', 28, 25, 1, 40, '2021-04-27 10:33:23', 1),
(222, 4, 'gianmarco', 28, 25, 1, 10, '2021-04-27 10:33:24', 1),
(223, 4, 'tabo', 28, 25, 1, 40, '2021-04-27 10:33:25', 1),
(224, 4, 'alessio', 4, 25, 1, 40, '2021-05-03 09:34:47', 0),
(225, 4, 'gianmarco', 4, 25, 1, 40, '2021-05-03 09:34:48', 0),
(226, 4, 'tabo', 4, 25, 1, 40, '2021-05-03 09:34:49', 0),
(227, 4, 'tabo', 29, 25, 1, 40, '2021-05-28 15:08:36', 0),
(228, 4, 'giorgio', 29, 11, 3, 15, '2021-05-28 15:09:59', 0),
(229, 4, 'giovanni', 29, 25, 2, 20, '2021-05-28 15:09:24', 1),
(230, 4, 'gianmarco', 29, 25, 1, 40, '2021-05-28 15:08:50', 0),
(231, 4, 'alessio', 29, 15, 2, 10, '2021-05-28 15:10:22', 1),
(232, 4, 'giorgio', 6, 15, 3, 15, '2021-06-04 09:46:46', 1),
(233, 4, 'tabo', 6, 25, 1, 30, '2021-06-04 09:46:33', 1),
(234, 4, 'gianmarco', 6, 25, 1, 40, '2021-06-04 09:46:27', 1),
(235, 4, 'alessio', 6, 27, 1, 20, '2021-06-04 09:47:07', 0),
(236, 4, 'alessio', 7, 25, 1, 40, '2021-07-04 19:42:11', 0),
(237, 4, 'kristian', 7, 25, 1, 30, '2021-07-04 19:42:12', 0),
(238, 4, 'tabo', 7, 25, 1, 40, '2021-07-04 19:42:13', 0),
(239, 4, 'giovanni', 7, 25, 1, 40, '2021-07-04 19:42:14', 0),
(240, 4, 'gianmarco', 7, 25, 1, 40, '2021-07-04 19:42:15', 0),
(241, 4, 'gianmarco', 9, 15, 2, 30, '2021-07-04 19:40:59', 0),
(242, 4, 'kristian', 9, 15, 1, 30, '2021-07-04 19:40:55', 0),
(243, 4, 'tabo', 9, 15, 1, 20, '2021-07-04 19:40:54', 0),
(244, 4, 'giovanni', 9, 15, 2, 30, '2021-07-04 19:40:52', 0),
(245, 4, 'gianmarco', 8, 28, 3, 20, '2021-07-04 19:39:21', 0),
(246, 4, 'gianmarco', 8, 15, 2, 20, '2021-07-04 19:39:19', 0),
(247, 4, 'tabo', 8, 7, 1, 40, '2021-07-04 19:43:00', 1),
(248, 4, 'alessio', 8, 25, 1, 40, '2021-07-04 19:43:02', 1),
(249, 4, 'kristian', 8, 25, 1, 20, '2021-07-04 19:43:05', 1),
(250, 4, 'gianmarco', 22, 35, 2, 25, '2021-08-07 18:23:14', NULL),
(251, 4, 'tabo', 22, 27, 1, 40, '2021-08-07 20:32:49', NULL),
(252, 4, 'alessio', 11, 15, 2, 20, '2021-08-14 12:56:23', NULL),
(253, 4, 'giorgio', 11, 35, 2, 20, '2021-08-14 14:16:28', NULL),
(254, 4, 'gianmarco', 11, 15, 1, 40, '2021-08-14 14:22:49', NULL),
(255, 4, 'tabo', 11, 25, 1, 30, '2021-08-14 21:38:30', NULL),
(256, 4, 'giorgio', 12, 27, 2, 20, '2021-08-28 14:09:20', NULL),
(257, 4, 'kristian', 12, 27, 1, 30, '2021-08-28 15:00:42', NULL),
(258, 4, 'tabo', 12, 27, 1, 40, '2021-08-28 16:02:36', NULL),
(259, 4, 'alessio', 12, 25, 1, 40, '2021-08-28 16:37:07', NULL),
(260, 4, 'gianmarco', 12, 35, 1, 40, '2021-08-28 17:45:54', NULL),
(261, 4, 'tabo', 14, 27, 1, 40, '2021-09-11 18:17:49', NULL),
(262, 4, 'alessio', 14, 11, 1, 20, '2021-09-11 18:48:50', NULL),
(263, 4, 'alessio', 14, 27, 2, 20, '2021-09-11 18:49:14', NULL),
(264, 4, 'gianmarco', 14, 27, 1, 40, '2021-09-11 19:25:14', NULL),
(265, 4, 'tabo', 13, 27, 1, 40, '2021-09-18 12:59:48', NULL),
(266, 4, 'giorgio', 13, 27, 2, 30, '2021-09-18 13:21:13', NULL),
(267, 4, 'alessio', 13, 27, 1, 30, '2021-09-18 16:53:05', NULL),
(268, 4, 'gianmarco', 13, 27, 1, 40, '2021-09-18 17:49:15', NULL),
(269, 4, 'giorgio', 3, 2, 3, 20, '2021-10-02 20:03:41', NULL),
(270, 4, 'kristian', 3, 27, 1, 30, '2021-10-02 20:16:48', NULL),
(271, 4, 'gianmarco', 3, 2, 2, 40, '2021-10-02 21:32:37', NULL),
(272, 4, 'tabo', 3, 2, 2, 40, '2021-10-03 11:50:54', NULL),
(273, 4, 'alessio', 3, 2, 2, 10, '2021-10-03 11:58:46', NULL),
(274, 4, 'alessio', 23, 27, 1, 40, '2021-10-23 20:07:21', NULL),
(275, 4, 'tabo', 23, 27, 1, 40, '2021-10-23 20:07:43', NULL),
(276, 4, 'giorgio', 23, 11, 3, 20, '2021-10-23 20:07:52', NULL),
(277, 4, 'gianmarco', 23, 27, 1, 40, '2021-10-23 20:08:05', NULL),
(278, 4, 'giorgio', 30, 27, 1, 20, '2021-11-06 19:13:45', NULL),
(279, 4, 'kristian', 30, 26, 2, 20, '2021-11-06 19:14:48', NULL),
(280, 4, 'tabo', 30, 11, 2, 25, '2021-11-06 19:51:22', NULL),
(281, 4, 'gianmarco', 30, 27, 1, 40, '2021-11-06 21:11:37', NULL),
(282, 4, 'Alessio', 19, 27, 1, 10, '2021-11-13 14:22:55', NULL),
(283, 4, 'giorgio', 19, 11, 3, 20, '2021-11-13 15:21:36', NULL),
(284, 4, 'tabo', 19, 11, 2, 40, '2021-11-13 17:00:34', NULL),
(285, 4, 'gianmarco', 19, 27, 1, 40, '2021-11-13 20:32:43', NULL),
(286, 5, 'Alessio', 1, 2, 1, 40, '2022-03-07 20:12:14', 0),
(287, 5, 'tabo', 1, 2, 2, 40, '2022-03-07 20:12:09', 0),
(288, 5, 'gianmarco', 1, 2, 1, 40, '2022-03-07 20:12:04', 0),
(289, 5, 'Michele', 1, 33, 1, 40, '2022-03-07 20:11:58', 1),
(290, 5, 'Alessio', 31, 25, 1, 40, '2022-03-20 14:51:22', 1),
(291, 5, 'giorgio', 31, 35, 2, 20, '2022-03-20 14:51:16', 0),
(292, 5, 'kristian', 31, 25, 1, 10, '2022-03-20 14:51:30', 1),
(293, 5, 'gianmarco', 31, 25, 1, 20, '2022-03-20 14:51:33', 1),
(294, 5, 'tabo', 31, 15, 2, 25, '2022-03-20 14:51:45', 1),
(295, 5, 'michele', 31, 25, 1, 20, '2022-03-20 14:51:49', 1),
(296, 5, 'Alessio', 32, 19, 2, 10, '2022-04-03 18:47:47', 0),
(297, 5, 'Zigusmicia', 32, 35, 1, 40, '2022-04-03 18:47:59', 1),
(298, 5, 'tabo', 32, 19, 1, 12, '2022-04-03 18:48:35', 1),
(299, 5, 'Michele', 32, 25, 1, 20, '2022-04-03 18:48:54', 0),
(300, 5, 'kristian', 32, 19, 1, 20, '2022-04-03 18:49:31', 1),
(301, 5, 'gianmarco', 32, 35, 2, 15, '2022-04-03 18:49:38', 1),
(302, 5, 'Alessio', 3, 11, 1, 15, '2022-04-11 17:17:18', 0),
(303, 5, 'giorgio', 3, 35, 2, 15, '2022-04-11 17:17:21', 0),
(304, 5, 'Zigusmicia', 3, 35, 1, 15, '2022-04-11 17:17:25', 0),
(305, 5, 'tabo', 3, 11, 2, 20, '2022-04-11 17:17:13', 1),
(306, 5, 'kristian', 3, 27, 1, 15, '2022-04-11 17:17:28', 0),
(307, 5, 'gianmarco', 3, 35, 1, 15, '2022-04-11 17:17:32', 0),
(308, 5, 'zigusmicia', 28, 2, 1, 40, '2022-05-01 12:57:32', 0),
(309, 5, 'giorgio', 28, 19, 2, 20, '2022-05-01 12:57:45', 1),
(310, 5, 'tabo', 28, 35, 1, 15, '2022-05-01 12:57:48', 0),
(311, 5, 'gianmarco', 4, 25, 1, 40, '2022-05-01 12:58:16', 1),
(312, 5, 'Alessio', 4, 25, 1, 40, '2022-05-01 12:58:20', 1),
(313, 5, 'tabo', 4, 25, 1, 40, '2022-05-01 12:58:24', 1),
(314, 5, 'kristian', 4, 27, 1, 30, '2022-05-01 12:58:28', 1),
(315, 5, 'zigusmicia', 4, 27, 1, 40, '2022-05-01 12:58:31', 1),
(316, 5, 'alessio', 5, 27, 1, 40, '2022-05-16 13:54:47', 0),
(317, 5, 'tabo', 5, 27, 1, 20, '2022-05-16 13:54:52', 0),
(318, 5, 'kristian', 5, 25, 1, 20, '2022-05-16 13:54:55', 0),
(319, 5, 'gianmarco', 5, 27, 1, 20, '2022-05-16 13:54:59', 0),
(320, 5, 'Zigusmicia', 5, 27, 1, 40, '2022-05-16 13:55:03', 0),
(321, 5, 'tabo', 6, 33, 1, 30, '2022-06-04 20:00:05', 0),
(322, 5, 'Alessio', 6, 27, 1, 20, '2022-06-04 20:00:16', 1),
(323, 5, 'Zigusmicia', 6, 27, 1, 20, '2022-06-04 20:00:22', 1),
(324, 5, 'giorgio', 7, 25, 2, 20, '2022-06-18 16:49:42', 0),
(325, 5, 'kristian', 7, 19, 1, 20, '2022-06-18 16:49:46', 0),
(326, 5, 'Alessio', 7, 19, 1, 30, '2022-06-18 16:49:49', 0),
(327, 5, 'tabo', 7, 27, 1, 40, '2022-06-18 16:49:53', 0),
(328, 5, 'gianmarco', 7, 19, 1, 20, '2022-06-18 16:49:57', 0),
(329, 5, 'Zigusmicia', 7, 27, 1, 20, '2022-06-18 16:50:01', 0),
(330, 5, 'michele', 7, 27, 2, 40, '2022-06-18 16:50:07', 0),
(331, 5, 'Alessio', 9, 25, 1, 40, '2022-06-19 15:45:02', 1),
(332, 5, 'giorgio', 9, 25, 1, 20, '2022-06-19 15:45:01', 1),
(333, 5, 'gianmarco', 9, 27, 1, 10, '2022-06-19 15:44:52', 0),
(334, 5, 'tabo', 9, 27, 1, 40, '2022-06-19 15:44:55', 0),
(335, 5, 'zigusmicia', 9, 27, 1, 40, '2022-06-19 15:44:58', 0),
(336, 5, 'Alessio', 8, 25, 1, 40, '2022-07-07 11:40:14', 0),
(337, 5, 'tabo', 8, 27, 1, 40, '2022-07-07 11:40:19', 1),
(338, 5, 'gianmarco', 8, 19, 3, 10, '2022-07-07 11:40:23', 1),
(339, 5, 'tabo', 33, 15, 1, 40, '2022-08-19 15:53:34', 0),
(340, 5, 'gianmarco', 33, 7, 2, 10, '2022-08-19 15:53:29', 1),
(341, 5, 'tabo', 11, 33, 1, 40, '2022-09-04 12:59:48', 0),
(342, 5, 'giorgio', 11, 33, 2, 14, '2022-09-04 13:00:12', 0),
(343, 5, 'gianmarco', 11, 33, 1, 10, '2022-09-04 13:00:32', 0),
(344, 5, 'tabo', 13, 33, 1, 15, '2022-09-04 12:54:53', 1),
(345, 5, 'giorgio', 13, 33, 2, 10, '2022-09-04 12:55:15', 1),
(346, 5, 'tabo', 34, 33, 1, 40, '2022-09-18 14:51:50', 1),
(347, 5, 'alessio', 34, 27, 1, 30, '2022-09-18 14:52:10', 1),
(348, 5, 'gianmarco', 34, 27, 1, 15, '2022-09-18 14:52:33', 1),
(349, 5, 'kristian', 34, 27, 1, 20, '2022-09-18 14:52:55', 1),
(350, 5, 'tabo', 16, 11, 1, 10, '2022-09-24 16:14:17', NULL),
(351, 5, 'tabo', 16, 15, 1, 30, '2022-09-24 16:14:36', NULL),
(352, 5, 'gianmarco', 16, 27, 2, 10, '2022-09-24 18:22:47', NULL),
(353, 5, 'Alessio', 16, 27, 2, 20, '2022-09-24 19:13:26', NULL),
(354, 5, 'alessio', 15, 27, 1, 40, '2022-10-01 12:46:01', NULL),
(355, 5, 'gianmarco', 15, 27, 1, 15, '2022-10-01 16:08:36', NULL),
(356, 5, 'tabo', 15, 35, 1, 20, '2022-10-01 16:39:44', NULL),
(357, 5, 'giorgio', 15, 25, 2, 20, '2022-10-01 16:50:45', NULL),
(358, 5, 'Alessio', 17, 27, 2, 20, '2022-10-15 11:50:05', NULL),
(359, 5, 'tabo', 17, 27, 1, 20, '2022-10-15 17:20:12', NULL),
(360, 5, 'gianmarco', 17, 2, 2, 15, '2022-10-15 19:59:25', NULL),
(361, 5, 'zigusmicia', 18, 2, 2, 40, '2022-10-22 12:05:49', NULL),
(362, 5, 'tabo', 18, 33, 1, 20, '2022-10-22 12:49:43', NULL),
(363, 5, 'Alessio', 18, 35, 2, 20, '2022-10-22 13:34:44', NULL),
(364, 5, 'Alessio', 18, 33, 1, 20, '2022-10-22 13:35:01', NULL),
(365, 5, 'gianmarco', 18, 33, 2, 10, '2022-10-22 18:10:37', NULL),
(366, 5, 'giorgio', 19, 2, 3, 10, '2022-11-05 13:57:26', NULL),
(367, 5, 'Alessio', 19, 25, 1, 40, '2022-11-05 15:56:39', NULL),
(368, 5, 'gianmarco', 19, 25, 1, 15, '2022-11-05 17:56:34', NULL),
(369, 5, 'tabo', 19, 25, 1, 20, '2022-11-05 18:46:41', NULL);

-- --------------------------------------------------------

--
-- Table structure for table `scommesse_sprintrace`
--

CREATE TABLE `scommesse_sprintrace` (
  `pk` bigint NOT NULL,
  `fk_campionato` bigint NOT NULL,
  `idutente` varchar(10) NOT NULL,
  `fk_gara` bigint NOT NULL,
  `fk_pilota` bigint NOT NULL,
  `posizione` int NOT NULL COMMENT 'prima posizione',
  `pt` int NOT NULL,
  `data_ora_ins` timestamp NOT NULL DEFAULT CURRENT_TIMESTAMP ON UPDATE CURRENT_TIMESTAMP,
  `esito` tinyint(1) DEFAULT NULL COMMENT 'esito della scommessa: TRUE/FALSE'
) ENGINE=InnoDB DEFAULT CHARSET=utf8mb3;

--
-- Dumping data for table `scommesse_sprintrace`
--

INSERT INTO `scommesse_sprintrace` (`pk`, `fk_campionato`, `idutente`, `fk_gara`, `fk_pilota`, `posizione`, `pt`, `data_ora_ins`, `esito`) VALUES
(371, 6, 'gianmarco', 28, 7, 2, 12, '2023-03-25 15:40:40', 0),
(372, 6, 'Alessio', 28, 27, 1, 10, '2023-03-25 15:41:42', 1),
(373, 6, 'kristian', 28, 27, 1, 12, '2023-03-25 15:41:48', 1),
(374, 6, 'giorgio', 28, 27, 2, 6, '2023-03-25 15:42:04', 0),
(375, 6, 'tabo', 28, 32, 1, 12, '2023-03-25 15:42:12', 0),
(376, 6, 'michele', 28, 7, 2, 6, '2023-03-25 15:42:27', 0);

-- --------------------------------------------------------

--
-- Table structure for table `scuderie`
--

CREATE TABLE `scuderie` (
  `pk` bigint NOT NULL,
  `nome` varchar(32) NOT NULL COMMENT 'nome della scuderia'
) ENGINE=InnoDB DEFAULT CHARSET=utf8mb3;

--
-- Dumping data for table `scuderie`
--

INSERT INTO `scuderie` (`pk`, `nome`) VALUES
(1, 'REPSOL HONDA TEAM'),
(2, 'RED BULL KTM FACTORY RACING'),
(3, 'DUCATI RACING TEAM'),
(4, 'MONSTER ENERGY YAMAHA MOTOGP'),
(5, 'LCR HONDA CASTROL'),
(6, 'OCTO PRAMAC RACING'),
(7, 'REALE AVINTIA RACING'),
(8, 'MONSTER YAMAHA TECH 3'),
(9, 'TEAM SUZUKI ECSTAR'),
(10, 'APRILIA RACING'),
(11, 'ASPAR MOTOGP TEAM'),
(12, 'EG 0,0 MARC VDS'),
(13, 'PETRONAS YAMAHA SRT'),
(14, 'ALMA PRAMAC RACING'),
(15, 'RED BULL KTM TECH 3'),
(16, 'PRIMA PRAMAC RACING'),
(17, 'ESPONSORAMA RACING'),
(18, 'LCR HONDA IDEMITSU'),
(19, 'APRILIA FACTORY RACING'),
(20, 'DUCATI LENOVO Team'),
(21, 'WITHU YAMAHA RNF MOTOGP™ TEAM'),
(22, 'MOONEY VR46 RACING TEAM'),
(23, 'GRESINI RACING MOTOGP'),
(24, 'TECH3 KTM FACTORY RACING'),
(25, 'RNF MotoGP Team'),
(26, 'GASGAS Factory Racing Tech3');

-- --------------------------------------------------------

--
-- Table structure for table `teams`
--

CREATE TABLE `teams` (
  `pk` int NOT NULL,
  `iduser` varchar(10) CHARACTER SET utf8 COLLATE utf8_general_ci NOT NULL,
  `nome` varchar(32) CHARACTER SET utf8 COLLATE utf8_general_ci NOT NULL,
  `teamimage` varchar(512) CHARACTER SET utf8 COLLATE utf8_general_ci NOT NULL DEFAULT 'https://www.aziendeplus.com/images/thumbs/default-image_600.png',
  `fk_campionato` bigint NOT NULL,
  `pilota_ufficiale` bigint NOT NULL,
  `pilota_riserva` bigint NOT NULL,
  `capotecnico` bigint NOT NULL COMMENT 'riferito al pk del pilota',
  `capotecnico_riserva` bigint NOT NULL COMMENT 'riferito al pk del pilota'
) ENGINE=InnoDB DEFAULT CHARSET=utf8mb3;

--
-- Dumping data for table `teams`
--

INSERT INTO `teams` (`pk`, `iduser`, `nome`, `teamimage`, `fk_campionato`, `pilota_ufficiale`, `pilota_riserva`, `capotecnico`, `capotecnico_riserva`) VALUES
(1, 'gianmarco', 'Team 1', 'https://www.aziendeplus.com/images/thumbs/default-image_600.png', 1, 7, 13, 2, 23),
(2, 'tabo', 'Team 2', 'https://www.aziendeplus.com/images/thumbs/default-image_600.png', 1, 8, 4, 7, 19),
(3, 'kristian', 'Team 3', 'https://www.aziendeplus.com/images/thumbs/default-image_600.png', 1, 2, 23, 8, 14),
(4, 'alessio', 'Team 4', 'https://www.aziendeplus.com/images/thumbs/default-image_600.png', 1, 6, 11, 5, 20),
(5, 'michele', 'Team 5', 'https://www.aziendeplus.com/images/thumbs/default-image_600.png', 1, 15, 10, 1, 11),
(6, 'giovanni', 'Team 6', 'https://www.aziendeplus.com/images/thumbs/default-image_600.png', 1, 5, 19, 6, 4),
(8, 'gianmarco', 'GM Racing Team', 'https://www.aziendeplus.com/images/thumbs/default-image_600.png', 2, 5, 23, 9, 23),
(9, 'tabo', 'Tabozzetto Racing Team', 'https://www.aziendeplus.com/images/thumbs/default-image_600.png', 2, 8, 25, 27, 25),
(10, 'michele', 'Noob Racing Team', 'https://www.aziendeplus.com/images/thumbs/default-image_600.png', 2, 2, 22, 15, 22),
(11, 'alessio', 'Doc Racing Team', 'https://www.aziendeplus.com/images/thumbs/default-image_600.png', 2, 6, 10, 11, 10),
(12, 'giovanni', 'Baka Racing Team', 'https://www.aziendeplus.com/images/thumbs/default-image_600.png', 2, 7, 4, 17, 4),
(13, 'kristian', 'Fiorucci Motorsport', 'https://www.aziendeplus.com/images/thumbs/default-image_600.png', 2, 12, 28, 18, 28),
(14, 'gianmarco', 'Team Commando', 'https://www.aziendeplus.com/images/thumbs/default-image_600.png', 3, 2, 31, 17, 17),
(15, 'kristian', 'Fiorucci Motorsport', 'https://www.aziendeplus.com/images/thumbs/default-image_600.png', 3, 7, 26, 10, 10),
(16, 'michele', 'Noob Racing Team', 'https://www.aziendeplus.com/images/thumbs/default-image_600.png', 3, 18, 23, 15, 15),
(17, 'alessio', 'Doc Racing Team', 'https://www.aziendeplus.com/images/thumbs/default-image_600.png', 3, 25, 9, 30, 30),
(18, 'tabo', 'Tabozzetto Racing Team', 'https://www.aziendeplus.com/images/thumbs/default-image_600.png', 3, 8, 27, 13, 13),
(19, 'gianmarco', 'Team Moretti Racing', 'https://team-moretti-racing.ch/wp-content/uploads/2019/02/TMR-logo-2015-19.jpg', 4, 18, 4, 19, 15),
(20, 'alessio', 'Doc Racing Team', 'https://upload.wikimedia.org/wikipedia/it/thumb/a/a7/Logo_Ducati_Corse_%28nuovo%29.svg/1200px-Logo_Ducati_Corse_%28nuovo%29.svg.png', 4, 11, 10, 35, 15),
(21, 'giorgio', 'Fabio Benzinaro RT', './../images/teams/team-giorgio.jpg', 4, 25, 30, 32, 15),
(22, 'giovanni', 'Baka Racing Team', 'https://pbs.twimg.com/profile_images/1315997019526303744/UzvpGkSY_400x400.jpg', 4, 2, 28, 34, 15),
(23, 'kristian', 'Fiorucci Motorsport', './../images/teams/team-kristian.jpg', 4, 23, 27, 33, 15),
(24, 'tabo', 'Tabozzetto Racing Team', 'https://images-na.ssl-images-amazon.com/images/I/41eppak3wNL._AC_SY450_.jpg', 4, 26, 15, 31, 15),
(25, 'michele', 'Noob Racing Team', 'https://yt3.ggpht.com/ytc/AAUvwngxD_mud0kNGgCoJqZSmwHkYVRTywiBf9kc8jVc=s900-c-k-c0x00ffffff-no-rj', 4, 8, 12, 29, 15),
(26, 'gianmarco', 'Diablo Racing Team', './../images/teams/team-giamma.jpg', 5, 25, 19, 31, 6),
(27, 'kristian', 'Bestia World Racing Team', './../images/teams/team-kristian.jpg', 5, 23, 33, 32, 6),
(28, 'michele', 'Noob Racing Team', 'https://yt3.ggpht.com/ytc/AAUvwngxD_mud0kNGgCoJqZSmwHkYVRTywiBf9kc8jVc=s900-c-k-c0x00ffffff-no-rj', 5, 11, 4, 40, 6),
(29, 'zigusmicia', 'ZS Corse', './../images/teams/team-zs.jpg', 5, 2, 7, 37, 6),
(30, 'tabo', 'Tabozzetto Racing Team', 'https://images-na.ssl-images-amazon.com/images/I/41eppak3wNL._AC_SY450_.jpg', 5, 35, 38, 36, 6),
(31, 'giorgio', 'De Cecco Bagnaia RT', './../images/teams/team-giorgio-2.jpg', 5, 27, 18, 6, 6),
(32, 'alessio', 'Doc Racing Team', 'https://upload.wikimedia.org/wikipedia/it/thumb/a/a7/Logo_Ducati_Corse_%28nuovo%29.svg/1200px-Logo_Ducati_Corse_%28nuovo%29.svg.png', 5, 26, 30, 39, 6),
(33, 'gianmarco', 'Team Diablo', './../images/teams/team-giamma.jpg', 6, 25, 18, 4, 4),
(34, 'michele', 'Team Michele', 'https://yt3.ggpht.com/ytc/AAUvwngxD_mud0kNGgCoJqZSmwHkYVRTywiBf9kc8jVc=s900-c-k-c0x00ffffff-no-rj', 6, 27, 23, 38, 38),
(35, 'zigusmicia', 'Team ZS', './../images/teams/team-zs.jpg', 6, 33, 28, 41, 41),
(36, 'kristian', 'Team Kristian', './../images/teams/team-kristian.jpg', 6, 7, 32, 37, 37),
(37, 'alessio', 'Team Alessio', 'https://upload.wikimedia.org/wikipedia/it/thumb/a/a7/Logo_Ducati_Corse_%28nuovo%29.svg/1200px-Logo_Ducati_Corse_%28nuovo%29.svg.png', 6, 2, 30, 31, 31),
(38, 'tabo', 'Team Tabo', 'https://images-na.ssl-images-amazon.com/images/I/41eppak3wNL._AC_SY450_.jpg', 6, 35, 11, 39, 39),
(39, 'giorgio', 'Team Giorgio', './../images/teams/team-giorgio-2.jpg', 6, 15, 19, 10, 10);

-- --------------------------------------------------------

--
-- Table structure for table `utenti`
--

CREATE TABLE `utenti` (
  `iduser` varchar(10) NOT NULL COMMENT 'user id',
  `pwd` varchar(64) NOT NULL COMMENT 'password',
  `last_access` timestamp NULL DEFAULT NULL COMMENT 'last access',
  `change_first` tinyint(1) NOT NULL DEFAULT '1',
  `nome` varchar(32) DEFAULT NULL,
  `cognome` varchar(32) DEFAULT NULL,
  `idprofile` bigint NOT NULL COMMENT 'id profilo facebook',
  `profileimage` varchar(512) CHARACTER SET utf8 COLLATE utf8_general_ci NOT NULL DEFAULT 'https://www.merin.it/wp-content/uploads/2016/09/facebook-default-no-profile-pic.jpg' COMMENT 'url or path image profile'
) ENGINE=InnoDB DEFAULT CHARSET=utf8mb3 COMMENT='tabella degli utenti';

--
-- Dumping data for table `utenti`
--

INSERT INTO `utenti` (`iduser`, `pwd`, `last_access`, `change_first`, `nome`, `cognome`, `idprofile`, `profileimage`) VALUES
('alessio', '7033c79d7d75fa59fea4247523d850ce', '2023-03-25 15:25:33', 0, 'Alessio', 'Moscetti', 100000898789409, 'https://upload.wikimedia.org/wikipedia/it/thumb/a/a7/Logo_Ducati_Corse_%28nuovo%29.svg/1200px-Logo_Ducati_Corse_%28nuovo%29.svg.png'),
('gianmarco', 'a8edbc73721726a6cf01a1ea0bcdf558', '2023-03-25 15:37:39', 0, 'Gianmarco', 'Moretti', 10216999107364326, 'https://www.merin.it/wp-content/uploads/2016/09/facebook-default-no-profile-pic.jpg'),
('giorgio', 'b4e2de9e1a570855f8af7a4fcfe888af', '2023-03-24 21:42:31', 0, 'Giorgio', 'Ronchi', 100003525328666, './../images/teams/team-giorgio.jpg'),
('giovanni', '0ddf5dce3b782d538c5011bd28bf3dea', '2021-09-10 17:35:25', 0, 'Giovanni', 'Colaiacovo', 100001915172236, 'https://pbs.twimg.com/profile_images/1315997019526303744/UzvpGkSY_400x400.jpg'),
('kristian', 'aae45087df2b3ce4eb20b653f46e383c', '2023-03-24 21:35:56', 0, 'Kristian', 'Fiorucci', 100002423845635, 'https://www.formulaitalia.info/foto/upload/5518e5294a9e9.jpg'),
('michele', 'c80bc7f10b6d3033b2698b260c937cb8', '2023-03-24 21:40:45', 0, 'Michele', 'Bellucci', 100001199226801, 'https://yt3.ggpht.com/ytc/AAUvwngxD_mud0kNGgCoJqZSmwHkYVRTywiBf9kc8jVc=s900-c-k-c0x00ffffff-no-rj'),
('tabo', '77d4a596d34b1106e1c058d830d9cc13', '2023-03-24 17:42:38', 0, 'Samuele (Tabo)', 'Bellucci', 1233292054, 'https://images-na.ssl-images-amazon.com/images/I/41eppak3wNL._AC_SY450_.jpg'),
('test', '098f6bcd4621d373cade4e832627b4f6', '2021-03-27 22:29:52', 0, 'test', 'test', 1111, 'https://www.merin.it/wp-content/uploads/2016/09/facebook-default-no-profile-pic.jpg'),
('zigusmicia', 'cc5631c35c9f8424e1a1838cdb23087b', '2023-03-24 21:31:52', 0, 'Zigu', 'Smicia', 123456789, 'https://motomotagp.altervista.org/images/motomotaGPLogo.png');

-- --------------------------------------------------------

--
-- Table structure for table `utenti_ruoli`
--

CREATE TABLE `utenti_ruoli` (
  `pk` int NOT NULL,
  `fk_utente` varchar(10) NOT NULL,
  `fk_ruolo` bigint NOT NULL
) ENGINE=InnoDB DEFAULT CHARSET=utf8mb3;

--
-- Dumping data for table `utenti_ruoli`
--

INSERT INTO `utenti_ruoli` (`pk`, `fk_utente`, `fk_ruolo`) VALUES
(1, 'gianmarco', 1),
(2, 'gianmarco', 2),
(3, 'tabo', 2),
(4, 'kristian', 2),
(5, 'michele', 2),
(6, 'alessio', 2),
(7, 'giovanni', 2),
(8, 'giorgio', 2),
(9, 'test', 2),
(10, 'zigusmicia', 2);

--
-- Indexes for dumped tables
--

--
-- Indexes for table `calendario`
--
ALTER TABLE `calendario`
  ADD PRIMARY KEY (`pk`),
  ADD UNIQUE KEY `unic_index` (`fk_gara`,`fk_campionato`) COMMENT 'calendario - gara',
  ADD KEY `fk_gara` (`fk_gara`),
  ADD KEY `fk_campionato` (`fk_campionato`);

--
-- Indexes for table `campionati`
--
ALTER TABLE `campionati`
  ADD PRIMARY KEY (`pk`);

--
-- Indexes for table `classifica`
--
ALTER TABLE `classifica`
  ADD PRIMARY KEY (`pk`),
  ADD UNIQUE KEY `unic_par_camp` (`iduser`,`fk_campionato`),
  ADD KEY `fk_campionato` (`fk_campionato`),
  ADD KEY `iduser` (`iduser`);

--
-- Indexes for table `configurazione`
--
ALTER TABLE `configurazione`
  ADD PRIMARY KEY (`pk`),
  ADD KEY `fk_campionato` (`fk_campionato`);

--
-- Indexes for table `gare`
--
ALTER TABLE `gare`
  ADD PRIMARY KEY (`pk`);

--
-- Indexes for table `pagamenti`
--
ALTER TABLE `pagamenti`
  ADD PRIMARY KEY (`pk`),
  ADD KEY `fk_campionato` (`fk_calendario`,`iduser`),
  ADD KEY `iduser` (`iduser`);

--
-- Indexes for table `piloti`
--
ALTER TABLE `piloti`
  ADD PRIMARY KEY (`pk`);

--
-- Indexes for table `piloti_campionato`
--
ALTER TABLE `piloti_campionato`
  ADD PRIMARY KEY (`pk`),
  ADD KEY `fk_campionato` (`fk_campionato`),
  ADD KEY `fk_pilota` (`fk_pilota`),
  ADD KEY `fk_scuderia` (`fk_scuderia`);

--
-- Indexes for table `regolamenti`
--
ALTER TABLE `regolamenti`
  ADD PRIMARY KEY (`pk`),
  ADD KEY `fk_campionato` (`fk_campionato`);

--
-- Indexes for table `risultatimotogp`
--
ALTER TABLE `risultatimotogp`
  ADD PRIMARY KEY (`pk`),
  ADD UNIQUE KEY `fk_campionato` (`fk_campionato`,`fk_gara`,`fk_pilota`),
  ADD KEY `fk_gara` (`fk_gara`),
  ADD KEY `fk_pilota` (`fk_pilota`);

--
-- Indexes for table `ruoli`
--
ALTER TABLE `ruoli`
  ADD PRIMARY KEY (`pk_ruolo`);

--
-- Indexes for table `schieramenti`
--
ALTER TABLE `schieramenti`
  ADD PRIMARY KEY (`pk`),
  ADD UNIQUE KEY `fk_campionato` (`fk_campionato`,`id_utente`,`fk_gara`),
  ADD KEY `fk_gara` (`fk_gara`),
  ADD KEY `id_utente` (`id_utente`),
  ADD KEY `fk_pilota_gara` (`fk_pilota_gara`),
  ADD KEY `fk_pilota_qualifica` (`fk_pilota_qualifica`);

--
-- Indexes for table `scommesse`
--
ALTER TABLE `scommesse`
  ADD PRIMARY KEY (`pk`),
  ADD KEY `fk_campionato` (`fk_campionato`),
  ADD KEY `idutente` (`idutente`),
  ADD KEY `fk_gara` (`fk_gara`),
  ADD KEY `fk_pilota` (`fk_pilota`);

--
-- Indexes for table `scommesse_sprintrace`
--
ALTER TABLE `scommesse_sprintrace`
  ADD PRIMARY KEY (`pk`),
  ADD KEY `fk_campionato` (`fk_campionato`),
  ADD KEY `idutente` (`idutente`),
  ADD KEY `fk_gara` (`fk_gara`),
  ADD KEY `fk_pilota` (`fk_pilota`);

--
-- Indexes for table `scuderie`
--
ALTER TABLE `scuderie`
  ADD PRIMARY KEY (`pk`);

--
-- Indexes for table `teams`
--
ALTER TABLE `teams`
  ADD PRIMARY KEY (`pk`),
  ADD KEY `fk_campionato` (`fk_campionato`),
  ADD KEY `iduser` (`iduser`),
  ADD KEY `pilota_ufficiale` (`pilota_ufficiale`),
  ADD KEY `pilota_riserva` (`pilota_riserva`),
  ADD KEY `capotecnico` (`capotecnico`),
  ADD KEY `capotecnico_riserva` (`capotecnico_riserva`);

--
-- Indexes for table `utenti`
--
ALTER TABLE `utenti`
  ADD PRIMARY KEY (`iduser`);

--
-- Indexes for table `utenti_ruoli`
--
ALTER TABLE `utenti_ruoli`
  ADD PRIMARY KEY (`pk`),
  ADD KEY `fk_utente` (`fk_utente`),
  ADD KEY `fk_ruolo` (`fk_ruolo`);

--
-- AUTO_INCREMENT for dumped tables
--

--
-- AUTO_INCREMENT for table `calendario`
--
ALTER TABLE `calendario`
  MODIFY `pk` bigint NOT NULL AUTO_INCREMENT, AUTO_INCREMENT=132;

--
-- AUTO_INCREMENT for table `campionati`
--
ALTER TABLE `campionati`
  MODIFY `pk` bigint NOT NULL AUTO_INCREMENT, AUTO_INCREMENT=8;

--
-- AUTO_INCREMENT for table `classifica`
--
ALTER TABLE `classifica`
  MODIFY `pk` int NOT NULL AUTO_INCREMENT, AUTO_INCREMENT=43;

--
-- AUTO_INCREMENT for table `configurazione`
--
ALTER TABLE `configurazione`
  MODIFY `pk` bigint NOT NULL AUTO_INCREMENT, AUTO_INCREMENT=2;

--
-- AUTO_INCREMENT for table `gare`
--
ALTER TABLE `gare`
  MODIFY `pk` bigint NOT NULL AUTO_INCREMENT, AUTO_INCREMENT=37;

--
-- AUTO_INCREMENT for table `pagamenti`
--
ALTER TABLE `pagamenti`
  MODIFY `pk` bigint NOT NULL AUTO_INCREMENT COMMENT 'primary key', AUTO_INCREMENT=782;

--
-- AUTO_INCREMENT for table `piloti`
--
ALTER TABLE `piloti`
  MODIFY `pk` bigint NOT NULL AUTO_INCREMENT, AUTO_INCREMENT=42;

--
-- AUTO_INCREMENT for table `piloti_campionato`
--
ALTER TABLE `piloti_campionato`
  MODIFY `pk` bigint NOT NULL AUTO_INCREMENT, AUTO_INCREMENT=167;

--
-- AUTO_INCREMENT for table `regolamenti`
--
ALTER TABLE `regolamenti`
  MODIFY `pk` bigint NOT NULL AUTO_INCREMENT, AUTO_INCREMENT=7;

--
-- AUTO_INCREMENT for table `risultatimotogp`
--
ALTER TABLE `risultatimotogp`
  MODIFY `pk` int NOT NULL AUTO_INCREMENT, AUTO_INCREMENT=24;

--
-- AUTO_INCREMENT for table `ruoli`
--
ALTER TABLE `ruoli`
  MODIFY `pk_ruolo` bigint NOT NULL AUTO_INCREMENT COMMENT 'primary key', AUTO_INCREMENT=3;

--
-- AUTO_INCREMENT for table `schieramenti`
--
ALTER TABLE `schieramenti`
  MODIFY `pk` bigint NOT NULL AUTO_INCREMENT, AUTO_INCREMENT=243;

--
-- AUTO_INCREMENT for table `scommesse`
--
ALTER TABLE `scommesse`
  MODIFY `pk` bigint NOT NULL AUTO_INCREMENT, AUTO_INCREMENT=370;

--
-- AUTO_INCREMENT for table `scommesse_sprintrace`
--
ALTER TABLE `scommesse_sprintrace`
  MODIFY `pk` bigint NOT NULL AUTO_INCREMENT, AUTO_INCREMENT=377;

--
-- AUTO_INCREMENT for table `scuderie`
--
ALTER TABLE `scuderie`
  MODIFY `pk` bigint NOT NULL AUTO_INCREMENT, AUTO_INCREMENT=27;

--
-- AUTO_INCREMENT for table `teams`
--
ALTER TABLE `teams`
  MODIFY `pk` int NOT NULL AUTO_INCREMENT, AUTO_INCREMENT=40;

--
-- AUTO_INCREMENT for table `utenti_ruoli`
--
ALTER TABLE `utenti_ruoli`
  MODIFY `pk` int NOT NULL AUTO_INCREMENT, AUTO_INCREMENT=11;

--
-- Constraints for dumped tables
--

--
-- Constraints for table `calendario`
--
ALTER TABLE `calendario`
  ADD CONSTRAINT `calendario_ibfk_1` FOREIGN KEY (`fk_gara`) REFERENCES `gare` (`pk`) ON UPDATE CASCADE,
  ADD CONSTRAINT `calendario_ibfk_2` FOREIGN KEY (`fk_campionato`) REFERENCES `campionati` (`pk`) ON UPDATE CASCADE;

--
-- Constraints for table `classifica`
--
ALTER TABLE `classifica`
  ADD CONSTRAINT `classifica_ibfk_1` FOREIGN KEY (`fk_campionato`) REFERENCES `campionati` (`pk`) ON UPDATE CASCADE,
  ADD CONSTRAINT `classifica_ibfk_2` FOREIGN KEY (`iduser`) REFERENCES `utenti` (`iduser`) ON UPDATE CASCADE;

--
-- Constraints for table `configurazione`
--
ALTER TABLE `configurazione`
  ADD CONSTRAINT `configurazione_ibfk_1` FOREIGN KEY (`fk_campionato`) REFERENCES `campionati` (`pk`);

--
-- Constraints for table `pagamenti`
--
ALTER TABLE `pagamenti`
  ADD CONSTRAINT `pagamenti_ibfk_2` FOREIGN KEY (`iduser`) REFERENCES `utenti` (`iduser`) ON UPDATE CASCADE,
  ADD CONSTRAINT `pagamenti_ibfk_3` FOREIGN KEY (`fk_calendario`) REFERENCES `calendario` (`pk`) ON UPDATE CASCADE;

--
-- Constraints for table `piloti_campionato`
--
ALTER TABLE `piloti_campionato`
  ADD CONSTRAINT `piloti_campionato_ibfk_1` FOREIGN KEY (`fk_campionato`) REFERENCES `campionati` (`pk`) ON UPDATE CASCADE,
  ADD CONSTRAINT `piloti_campionato_ibfk_2` FOREIGN KEY (`fk_pilota`) REFERENCES `piloti` (`pk`) ON UPDATE CASCADE,
  ADD CONSTRAINT `piloti_campionato_ibfk_3` FOREIGN KEY (`fk_scuderia`) REFERENCES `scuderie` (`pk`) ON UPDATE CASCADE;

--
-- Constraints for table `regolamenti`
--
ALTER TABLE `regolamenti`
  ADD CONSTRAINT `regolamenti_ibfk_1` FOREIGN KEY (`fk_campionato`) REFERENCES `campionati` (`pk`) ON UPDATE CASCADE;

--
-- Constraints for table `risultatimotogp`
--
ALTER TABLE `risultatimotogp`
  ADD CONSTRAINT `risultatimotogp_ibfk_1` FOREIGN KEY (`fk_campionato`) REFERENCES `campionati` (`pk`) ON DELETE CASCADE ON UPDATE CASCADE,
  ADD CONSTRAINT `risultatimotogp_ibfk_2` FOREIGN KEY (`fk_gara`) REFERENCES `gare` (`pk`) ON DELETE RESTRICT ON UPDATE RESTRICT,
  ADD CONSTRAINT `risultatimotogp_ibfk_3` FOREIGN KEY (`fk_pilota`) REFERENCES `piloti` (`pk`) ON DELETE RESTRICT ON UPDATE RESTRICT;

--
-- Constraints for table `schieramenti`
--
ALTER TABLE `schieramenti`
  ADD CONSTRAINT `fk_campionato_constraint` FOREIGN KEY (`fk_campionato`) REFERENCES `campionati` (`pk`) ON DELETE CASCADE ON UPDATE CASCADE,
  ADD CONSTRAINT `schieramenti_ibfk_1` FOREIGN KEY (`fk_gara`) REFERENCES `gare` (`pk`) ON DELETE RESTRICT ON UPDATE RESTRICT,
  ADD CONSTRAINT `schieramenti_ibfk_2` FOREIGN KEY (`id_utente`) REFERENCES `utenti` (`iduser`) ON DELETE RESTRICT ON UPDATE RESTRICT,
  ADD CONSTRAINT `schieramenti_ibfk_3` FOREIGN KEY (`fk_pilota_gara`) REFERENCES `piloti` (`pk`) ON DELETE RESTRICT ON UPDATE RESTRICT,
  ADD CONSTRAINT `schieramenti_ibfk_4` FOREIGN KEY (`fk_pilota_qualifica`) REFERENCES `piloti` (`pk`) ON DELETE RESTRICT ON UPDATE RESTRICT;

--
-- Constraints for table `scommesse`
--
ALTER TABLE `scommesse`
  ADD CONSTRAINT `scommesse_ibfk_1` FOREIGN KEY (`idutente`) REFERENCES `utenti` (`iduser`) ON UPDATE CASCADE,
  ADD CONSTRAINT `scommesse_ibfk_2` FOREIGN KEY (`fk_gara`) REFERENCES `gare` (`pk`) ON UPDATE CASCADE,
  ADD CONSTRAINT `scommesse_ibfk_3` FOREIGN KEY (`fk_pilota`) REFERENCES `piloti` (`pk`) ON UPDATE CASCADE,
  ADD CONSTRAINT `scommesse_ibfk_4` FOREIGN KEY (`fk_campionato`) REFERENCES `campionati` (`pk`) ON UPDATE CASCADE;

--
-- Constraints for table `scommesse_sprintrace`
--
ALTER TABLE `scommesse_sprintrace`
  ADD CONSTRAINT `scommesse_sprintrace_ibfk_1` FOREIGN KEY (`idutente`) REFERENCES `utenti` (`iduser`) ON UPDATE CASCADE,
  ADD CONSTRAINT `scommesse_sprintrace_ibfk_2` FOREIGN KEY (`fk_gara`) REFERENCES `gare` (`pk`) ON UPDATE CASCADE,
  ADD CONSTRAINT `scommesse_sprintrace_ibfk_3` FOREIGN KEY (`fk_pilota`) REFERENCES `piloti` (`pk`) ON UPDATE CASCADE,
  ADD CONSTRAINT `scommesse_sprintrace_ibfk_4` FOREIGN KEY (`fk_campionato`) REFERENCES `campionati` (`pk`) ON UPDATE CASCADE;

--
-- Constraints for table `teams`
--
ALTER TABLE `teams`
  ADD CONSTRAINT `teams_ibfk_1` FOREIGN KEY (`iduser`) REFERENCES `utenti` (`iduser`) ON UPDATE CASCADE,
  ADD CONSTRAINT `teams_ibfk_2` FOREIGN KEY (`fk_campionato`) REFERENCES `campionati` (`pk`) ON UPDATE CASCADE,
  ADD CONSTRAINT `teams_ibfk_3` FOREIGN KEY (`pilota_ufficiale`) REFERENCES `piloti` (`pk`) ON UPDATE CASCADE,
  ADD CONSTRAINT `teams_ibfk_4` FOREIGN KEY (`pilota_riserva`) REFERENCES `piloti` (`pk`) ON UPDATE CASCADE,
  ADD CONSTRAINT `teams_ibfk_5` FOREIGN KEY (`capotecnico`) REFERENCES `piloti` (`pk`) ON UPDATE CASCADE,
  ADD CONSTRAINT `teams_ibfk_6` FOREIGN KEY (`capotecnico_riserva`) REFERENCES `piloti` (`pk`) ON UPDATE CASCADE;

--
-- Constraints for table `utenti_ruoli`
--
ALTER TABLE `utenti_ruoli`
  ADD CONSTRAINT `utenti_ruoli_ibfk_1` FOREIGN KEY (`fk_utente`) REFERENCES `utenti` (`iduser`) ON UPDATE CASCADE,
  ADD CONSTRAINT `utenti_ruoli_ibfk_2` FOREIGN KEY (`fk_ruolo`) REFERENCES `ruoli` (`pk_ruolo`) ON UPDATE CASCADE;
COMMIT;

/*!40101 SET CHARACTER_SET_CLIENT=@OLD_CHARACTER_SET_CLIENT */;
/*!40101 SET CHARACTER_SET_RESULTS=@OLD_CHARACTER_SET_RESULTS */;
/*!40101 SET COLLATION_CONNECTION=@OLD_COLLATION_CONNECTION */;
